,,,,present,present,present,present,past,past,past,past,past,past,past,past,past,future,future,future,future,future,future,future,future,future,future,imp,imp,imp,imp,infinitive,,,,
,,,,,,,,first,first,second,second,second,second,third,third,third,first,first,second,second,second,second,third,third,third,third,,,,,,,,,
,,,,singular,singular,plural,plural,singular,plural,singular,singular,plural,plural,singular,singular,plural,singular,plural,singular,singular,plural,plural,singular,singular,plural,plural,singular,singular,plural,plural,,,,,
root,binyan,translation,preposition,male,female,male,female,,,male,female,male,female,male,female,,,,male,female,male,female,male,female,male,female,male,female,male,female,,rule ids,sp rules pos,test,source
אכל,pa'al,eat,את,אוכל,אוכלת,אוכלים,אוכלות,אכלתי,אכלנו,אכלת,אכלת,אכלתם,אכלתן,אכל,אכלה,אכלו,אוכל,נאכל,תאכל,תאכלי,תאכלו,תאכלנה,יאכל,תאכל,יאכלו,תאכלנה,אכול,אכלי,אכלו,אכולנה,לאכול,-1-2-133-1006-,"14,24,27",OK,Duolingo
סבר,hiph'il,explain,"את (something), ל (to)",מסביר,מסבירה,מסבירים,מסבירות,הסברתי,הסברנו,הסברת,הסברת,הסברתם,הסברתן,הסביר,הסבירה,הסבירו,אסביר,נסביר,תסביר,תסבירי,תסבירו,תסברנה,יסביר,תסביר,יסבירו,תסברנה,הסבר,הסבירי,הסבירו,הסברנה,להסביר,-1-4-,,OK,Duolingo
דבר,pi'el,"speak, talk",,מדבר,מדברת,מדברים,מדברות,דיברתי,דיברנו,דיברת,דיברת,דיברתם,דיברתן,דיבר,דיברה,דיברו,אדבר,נדבר,תדבר,תדברי,תדברו,תדברנה,ידבר,תדבר,ידברו,תדברנה,דבר,דברי,דברו,דברנה,לדבר,-1-3-,,OK,Duolingo
ראה,pa'al,see,,רואה,רואה,רואים,רואות,ראיתי,ראינו,ראית,ראית,ראיתם,ראיתן,ראה,ראתה,ראו,אראה,נראה,תראה,תראי,תראו,תראינה,יראה,תראה,יראו,תראינה,ראה,ראי,ראו,ראינה,לראות,-1-2-100-,"2,3,4,5,6,7,8,9,10,12,13,17,18,19,22,23,25,26,27,28",OK,Duolingo
הלך,pa'al,go / walk,,הולך,הולכת,הולכים,הולכות,הלכתי,הלכנו,הלכת,הלכת,הלכתם,הלכתן,הלך,הלכה,הלכו,אלך,נלך,תלך,תלכי,תלכו,תלכנה,ילך,תלך,ילכו,תלכנה,לך,לכי,לכו,לכנה,ללכת,-1-2-1000-,"14,15,16,17,18,19,20,21,22,23,24,25,26,27,28",OK,Duolingo
כתב,pa'al,write,את,כותב,כותבת,כותבים,כותבות,כתבתי,כתבנו,כתבת,כתבת,כתבתם,כתבתן,כתב,כתבה,כתבו,אכתוב,נכתוב,תכתוב,תכתבי,תכתבו,תכתובנה,יכתוב,תכתוב,יכתבו,תכתובנה,כתוב,כתבי,כתבו,כתובנה,לכתוב,-1-2-1008-,"14,15,16,19,20,21,23,24,27",OK,Duolingo
חכה,pi'el,wait,"ל, ש",מחכה,מחכה,מחכים,מחכות,חיכיתי,חיכינו,חיכית,חיכית,חיכיתם,חיכיתן,חיכה,חיכתה,חיכו,אחכה,נחכה,תחכה,תחכי,תחכו,תחכינה,יחכה,תחכה,יחכו,תחכינה,חכה,חכי,חכו,חכינה,לחכות,-1-3-100-108-,"2,3,4,5,6,7,8,9,10,12,13,17,18,19,22,23,25,26,27,28",OK,Duolingo
בוא,pa'al,come,,בא,באה,באים,באות,באתי,באנו,באת,באת,באתם,באתן,בא,באה,באו,אבוא,נבוא,תבוא,תבואי,תבואו,תבואנה,יבוא,תבוא,יבואו,תבואנה,בוא,בואי,בואו,בואנה,לבוא,-1-2-101-,"1,2,3,4,5,6,7,8,9,10,11,12,13,28",OK,Duolingo
אהב,pa'al,love,את,אוהב,אוהבת,אוהבים,אוהבות,אהבתי,אהבנו,אהבת,אהבת,אהבתם,אהבתן,אהב,אהבה,אהבו,אוהב,נאהב,תאהב,תאהבי,תאהבו,תאהבנה,יאהב,תאהב,יאהבו,תאהבנה,אהב,אהבי,אהבו,אהבנה,לאהוב,-1-2-133-,14,OK,Duolingo
שתה,pa'al,drink,,שותה,שותה,שותים,שותות,שתיתי,שתינו,שתית,שתית,שתיתם,שתיתן,שתה,שתתה,שתו,אשתה,נשתה,תשתה,תשתי,תשתו,תשתינה,ישתה,תשתה,ישתו,תשתינה,שתה,שתי,שתו,שתינה,לשתות,-1-2-100-,"2,3,4,5,6,7,8,9,10,12,13,17,18,19,22,23,25,26,27,28",OK,Duolingo
קרא,pa'al,"read, call",את,קורא,קוראת,קוראים,קוראות,קראתי,קראנו,קראת,קראת,קראתם,קראתן,קרא,קראה,קראו,אקרא,נקרא,תקרא,תקראי,תקראו,תקראנה,יקרא,תקרא,יקראו,תקראנה,קרא,קראי,קראו,קראנה,לקרוא,-1-2-,,OK,Duolingo
רצה,pa'al,want,,רוצה,רוצה,רוצים,רוצות,רציתי,רצינו,רצית,רצית,רציתם,רציתן,רצה,רצתה,רצו,ארצה,נרצה,תרצה,תרצי,תרצו,תרצינה,ירצה,תרצה,ירצו,תרצינה,רצה,רצי,רצו,רצינה,לרצות,-1-2-100-,"2,3,4,5,6,7,8,9,10,12,13,17,18,19,22,23,25,26,27,28",OK,Duolingo
בשל,pi'el,cook,,מבשל,מבשלת,מבשלים,מבשלות,בישלתי,בישלנו,בישלת,בישלת,בישלתם,בישלתן,בישל,בישלה,בישלו,אבשל,נבשל,תבשל,תבשלי,תבשלו,תבשלנה,יבשל,תבשל,יבשלו,תבשלנה,בשל,בשלי,בשלו,בשלנה,לבשל,-1-3-,,OK,Duolingo
אפה,pa'al,bake,,אופה,אופה,אופים,אופות,אפיתי,אפינו,אפית,אפית,אפיתם,אפיתן,אפה,אפתה,אפו,אופה,נאפה,תאפה,תאפי,תאפו,תאפינה,יאפה,תאפה,יאפו,תאפינה,אפה,אפי,אפו,אפינה,לאפות,-1-2-100-133-,"2,3,4,5,6,7,8,9,10,12,13,14,17,18,19,22,23,25,26,27,28",OK,Duolingo
לבש,pa'al,wear,,לובש,לובשת,לובשים,לובשות,לבשתי,לבשנו,לבשת,לבשת,לבשתם,לבשתן,לבש,לבשה,לבשו,אלבש,נלבש,תלבש,תלבשי,תלבשו,תלבשנה,ילבש,תלבש,ילבשו,תלבשנה,לבש,לבשי,לבשו,לבשנה,ללבוש,-1-2-,,OK,Duolingo
נעל,pa'al,wear shoes,,נועל,נועלת,נועלים,נועלות,נעלתי,נעלנו,נעלת,נעלת,נעלתם,נעלתן,נעל,נעלה,נעלו,אנעול,ננעול,תנעול,תנעלי,תנעלו,תנעולנה,ינעול,תנעול,ינעלו,תנעולנה,נעול,נעלי,נעלו,נעולנה,לנעול,-1-2-1008-,"14,15,16,19,20,21,23,24,27",OK,Duolingo
חבש,pa'al,wear hat,,חובש,חובשת,חובשים,חובשות,חבשתי,חבשנו,חבשת,חבשת,חבשתם,חבשתן,חבש,חבשה,חבשו,אחבוש,נחבוש,תחבוש,תחבשי,תחבשו,תחבושנה,יחבוש,תחבוש,יחבשו,תחבושנה,חבוש,חבשי,חבשו,חבושנה,לחבוש,-1-2-1008-,"14,15,16,19,20,21,23,24,27",OK,Duolingo
ענד,pa'al,wear ring,,עונד,עונדת,עונדים,עונדות,ענדתי,ענדנו,ענדת,ענדת,ענדתם,ענדתן,ענד,ענדה,ענדו,אענוד,נענוד,תענוד,תענדי,תענדו,תענודנה,יענוד,תענוד,יענדו,תענודנה,ענוד,ענדי,ענדו,ענודנה,לענוד,-1-2-1008-,"14,15,16,19,20,21,23,24,27",OK,Duolingo
שים,pa'al,put,את,שם,שמה,שמים,שמות,שמתי,שמנו,שמת,שמת,שמתם,שמתן,שם,שמה,שמו,אשים,נשים,תשים,תשימי,תשימו,תשמנה,ישים,תשים,ישימו,תשמנה,שים,שימי,שימו,שמנה,לשים,-1-2-103-,"1,2,3,4,5,6,7,8,9,10,11,12,13,19,23,27,28",OK,Duolingo
רכב,hiph'il,wear glasses,,מרכיב,מרכיבה,מרכיבים,מרכיבות,הרכבתי,הרכבנו,הרכבת,הרכבת,הרכבתם,הרכבתן,הרכיב,הרכיבה,הרכיבו,ארכיב,נרכיב,תרכיב,תרכיבי,תרכיבו,תרכבנה,ירכיב,תרכיב,ירכיבו,תרכבנה,הרכב,הרכיבי,הרכיבו,הרכבנה,להרכיב,-1-4-,,OK,Duolingo
גרב,pa'al,wear socks,,גורב,גורבת,גורבים,גורבות,גרבתי,גרבנו,גרבת,גרבת,גרבתם,גרבתן,גרב,גרבה,גרבו,אגרוב,נגרוב,תגרוב,תגרבי,תגרבו,תגרובנה,יגרוב,תגרוב,יגרבו,תגרובנה,גרוב,גרבי,גרבו,גרובנה,לגרוב,-1-2-1008-,"14,15,16,19,20,21,23,24,27",OK,Duolingo
צבע,pa'al,paint,,צובע,צובעת,צובעים,צובעות,צבעתי,צבענו,צבעת,צבעת,צבעתם,צבעתן,צבע,צבעה,צבעו,אצבע,נצבע,תצבע,תצבעי,תצבעו,תצבענה,יצבע,תצבע,יצבעו,תצבענה,צבע,צבעי,צבעו,צבענה,לצבוע,-1-2-,,OK,Duolingo
ספר,pa'al,count,,סופר,סופרת,סופרים,סופרות,ספרתי,ספרנו,ספרת,ספרת,ספרתם,ספרתן,ספר,ספרה,ספרו,אספור,נספור,תספור,תספרי,תספרו,תספורנה,יספור,תספור,יספרו,תספורנה,ספור,ספרי,ספרו,ספורנה,לספור,-1-2-1008-,"14,15,16,19,20,21,23,24,27",OK,Duolingo
שאל,pa'al,ask,את (to),שואל,שואלת,שואלים,שואלות,שאלתי,שאלנו,שאלת,שאלת,שאלתם,שאלתן,שאל,שאלה,שאלו,אשאל,נשאל,תשאל,תשאלי,תשאלו,תשאלנה,ישאל,תשאל,ישאלו,תשאלנה,שאל,שאלי,שאלו,שאלנה,לשאול,-1-2-,,OK,Duolingo
ענה,pa'al,answer,על question / ל person,עונה,עונה,עונים,עונות,עניתי,ענינו,ענית,ענית,עניתם,עניתן,ענה,ענתה,ענו,אענה,נענה,תענה,תעני,תענו,תענינה,יענה,תענה,יענו,תענינה,ענה,עני,ענו,ענינה,לענות,-1-2-100-,"2,3,4,5,6,7,8,9,10,12,13,17,18,19,22,23,25,26,27,28",OK,Duolingo
למד,pa'al,"learn, study",את,לומד,לומדת,לומדים,לומדות,למדתי,למדנו,למדת,למדת,למדתם,למדתן,למד,למדה,למדו,אלמד,נלמד,תלמד,תלמדי,תלמדו,תלמדנה,ילמד,תלמד,ילמדו,תלמדנה,למד,למדי,למדו,למדנה,ללמוד,-1-2-,,OK,Duolingo
למד,pi'el,teach,את,מלמד,מלמדת,מלמדים,מלמדות,לימדתי,לימדנו,לימדת,לימדת,לימדתם,לימדתן,לימד,לימדה,לימדו,אלמד,נלמד,תלמד,תלמדי,תלמדו,תלמדנה,ילמד,תלמד,ילמדו,תלמדנה,למד,למדי,למדו,למדנה,ללמד,-1-3-,,OK,Duolingo
תרגל,pi'el,practice,,מתרגל,מתרגלת,מתרגלים,מתרגלות,תירגלתי,תירגלנו,תירגלת,תירגלת,תירגלתם,תירגלתן,תירגל,תירגלה,תירגלו,אתרגל,נתרגל,תתרגל,תתרגלי,תתרגלו,תתרגלנה,יתרגל,תתרגל,יתרגלו,תתרגלנה,תרגל,תרגלי,תרגלו,תרגלנה,לתרגל,-1-3-,,OK,Duolingo
טיל,pi'el,travel,,מטייל,מטיילת,מטיילים,מטיילות,טיילתי,טיילנו,טיילת,טיילת,טיילתם,טיילתן,טייל,טיילה,טיילו,אטייל,נטייל,תטייל,תטיילי,תטיילו,תטיילנה,יטייל,תטייל,יטיילו,תטיילנה,טייל,טיילי,טיילו,טיילנה,לטייל,-1-3-106-,"1,2,3,4,5,6,7,8,9,10,11,12,13,14,15,16,17,18,19,20,21,22,23,24,25,26,27,28",OK,Duolingo
רכב,pa'al,ride,,רוכב,רוכבת,רוכבים,רוכבות,רכבתי,רכבנו,רכבת,רכבת,רכבתם,רכבתן,רכב,רכבה,רכבו,ארכב,נרכב,תרכב,תרכבי,תרכבו,תרכבנה,ירכב,תרכב,ירכבו,תרכבנה,רכב,רכבי,רכבו,רכבנה,לרכוב,-1-2-,,OK,Duolingo
נהג,pa'al,drive,ב,נוהג,נוהגת,נוהגים,נוהגות,נהגתי,נהגנו,נהגת,נהגת,נהגתם,נהגתן,נהג,נהגה,נהגו,אנהג,ננהג,תנהג,תנהגי,תנהגו,תנהגנה,ינהג,תנהג,ינהגו,תנהגנה,נהג,נהגי,נהגו,נהגנה,לנהוג,-1-2-,,OK,Duolingo
שוט,pa'al,sail,,שט,שטה,שטים,שטות,שטתי,שטנו,שטת,שטת,שטתם,שטתן,שט,שטה,שטו,אשוט,נשוט,תשוט,תשוטי,תשוטו,תשוטנה,ישוט,תשוט,ישוטו,תשוטנה,שוט,שוטי,שוטו,שוטנה,לשוט,-1-2-101-,"1,2,3,4,5,6,7,8,9,10,11,12,13,28",OK,Duolingo
טוס,pa'al,fly,,טס,טסה,טסים,טסות,טסתי,טסנו,טסת,טסת,טסתם,טסתן,טס,טסה,טסו,אטוס,נטוס,תטוס,תטוסי,תטוסו,תטוסנה,יטוס,תטוס,יטוסו,תטוסנה,טוס,טוסי,טוסו,טוסנה,לטוס,-1-2-101-,"1,2,3,4,5,6,7,8,9,10,11,12,13,28",OK,Duolingo
נסע,pa'al,ride in,,נוסע,נוסעת,נוסעים,נוסעות,נסעתי,נסענו,נסעת,נסעת,נסעתם,נסעתן,נסע,נסעה,נסעו,אסע,ניסע,תיסע,תיסעי,תיסעו,תיסענה,ייסע,תיסע,ייסעו,תיסענה,סע,סעי,סעו,סענה,לנסוע,-1-2-1001-,"14,15,16,17,18,19,20,21,22,23,24,25,26,27",OK,Duolingo
פלג,hiph'il,sail,,מפליג,מפליגה,מפליגים,מפליגות,הפלגתי,הפלגנו,הפלגת,הפלגת,הפלגתם,הפלגתן,הפליג,הפליגה,הפליגו,אפליג,נפליג,תפליג,תפליגי,תפליגו,תפלגנה,יפליג,תפליג,יפליגו,תפלגנה,הפלג,הפליגי,הפליגו,הפלגנה,להפליג,-1-4-,,OK,Duolingo
שחה,pa'al,swim,,שוחה,שוחה,שוחים,שוחות,שחיתי,שחינו,שחית,שחית,שחיתם,שחיתן,שחה,שחתה,שחו,אשחה,נשחה,תשחה,תשחי,תשחו,תשחינה,ישחה,תשחה,ישחו,תשחינה,שחה,שחי,שחו,שחינה,לשחות,-1-2-100-,"2,3,4,5,6,7,8,9,10,12,13,17,18,19,22,23,25,26,27,28",OK,Duolingo
אמר,pa'al,"tell (info) (present, past), say","ל (someone), את (something)",אומר,אומרת,אומרים,אומרות,אמרתי,אמרנו,אמרת,אמרת,אמרתם,אמרתן,אמר,אמרה,אמרו,אומר,נאמר,תאמר,תאמרי,תאמרו,תאמרנה,יאמר,תאמר,יאמרו,תאמרנה,אמור,אמרי,אמרו,אמורנה,לומר,-1-2-133-1006-1007-,"14,24,27,28",OK,Duolingo
נגע,pa'al,touch,ב,נוגע,נוגעת,נוגעים,נוגעות,נגעתי,נגענו,נגעת,נגעת,נגעתם,נגעתן,נגע,נגעה,נגעו,אגע,ניגע,תיגע,תיגעי,תיגעו,תיגענה,ייגע,תיגע,ייגעו,תיגענה,גע,געי,געו,גענה,לגעת,-1-2-1001-1003-,"14,15,16,17,18,19,20,21,22,23,24,25,26,27,28",OK,Duolingo
ישן,pa'al,sleep,,ישן,ישנה,ישנים,ישנות,ישנתי,ישנו,ישנת,ישנת,ישנתם,ישנתן,ישן,ישנה,ישנו,אישן,נישן,תישן,תישני,תישנו,תישנה,יישן,תישן,יישנו,תישנה,ישן,ישני,ישנו,ישנה,לישון,-1-2-104-1009-,"1,2,3,4,6,19,23,27",OK,Duolingo
שמע,pa'al,hear,את,שומע,שומעת,שומעים,שומעות,שמעתי,שמענו,שמעת,שמעת,שמעתם,שמעתן,שמע,שמעה,שמעו,אשמע,נשמע,תשמע,תשמעי,תשמעו,תשמענה,ישמע,תשמע,ישמעו,תשמענה,שמע,שמעי,שמעו,שמענה,לשמוע,-1-2-,,OK,Duolingo
עבד,pa'al,work,,עובד,עובדת,עובדים,עובדות,עבדתי,עבדנו,עבדת,עבדת,עבדתם,עבדתן,עבד,עבדה,עבדו,אעבוד,נעבוד,תעבוד,תעבדי,תעבדו,תעבודנה,יעבוד,תעבוד,יעבדו,תעבודנה,עבוד,עבדי,עבדו,עבודנה,לעבוד,-1-2-1008-,"14,15,16,19,20,21,23,24,27",OK,Duolingo
מצא,pa'al,find,את,מוצא,מוצאת,מוצאים,מוצאות,מצאתי,מצאנו,מצאת,מצאת,מצאתם,מצאתן,מצא,מצאה,מצאו,אמצא,נמצא,תמצא,תמצאי,תמצאו,תמצאנה,ימצא,תמצא,ימצאו,תמצאנה,מצא,מצאי,מצאו,מצאנה,למצוא,-1-2-,,OK,Duolingo
עשה,pa'al,do,,עושה,עושה,עושים,עושות,עשיתי,עשינו,עשית,עשית,עשיתם,עשיתן,עשה,עשתה,עשו,אעשה,נעשה,תעשה,תעשי,תעשו,תעשינה,יעשה,תעשה,יעשו,תעשינה,עשה,עשי,עשו,עשינה,לעשות,-1-2-100-,"2,3,4,5,6,7,8,9,10,12,13,17,18,19,22,23,25,26,27,28",OK,Duolingo
תמך,pa'al,support,ב,תומך,תומכת,תומכים,תומכות,תמכתי,תמכנו,תמכת,תמכת,תמכתם,תמכתן,תמך,תמכה,תמכו,אתמוך,נתמוך,תתמוך,תתמכי,תתמכו,תתמוכנה,יתמוך,תתמוך,יתמכו,תתמוכנה,תמוך,תמכי,תמכו,תמוכנה,לתמוך,-1-2-1008-,"14,15,16,19,20,21,23,24,27",OK,Duolingo
לקח,pa'al,take,את,לוקח,לוקחת,לוקחים,לוקחות,לקחתי,לקחנו,לקחת,לקחת,לקחתם,לקחתן,לקח,לקחה,לקחו,אקח,ניקח,תיקח,תיקחי,תיקחו,תיקחנה,ייקח,תיקח,ייקחו,תיקחנה,קח,קחי,קחו,קחנה,לקחת,-1-2-1001-1003-,"14,15,16,17,18,19,20,21,22,23,24,25,26,27,28",OK,Duolingo
ידע,pa'al,know,,יודע,יודעת,יודעים,יודעות,ידעתי,ידענו,ידעת,ידעת,ידעתם,ידעתן,ידע,ידעה,ידעו,אדע,נדע,תדע,תדעי,תדעו,תדענה,ידע,תדע,ידעו,תדענה,דע,דעי,דעו,דענה,לדעת,-1-2-1000-,"14,15,16,17,18,19,20,21,22,23,24,25,26,27,28",OK,Duolingo
מכר,pa'al,sell,,מוכר,מוכרת,מוכרים,מוכרות,מכרתי,מכרנו,מכרת,מכרת,מכרתם,מכרתן,מכר,מכרה,מכרו,אמכור,נמכור,תמכור,תמכרי,תמכרו,תמכורנה,ימכור,תמכור,ימכרו,תמכורנה,מכור,מכרי,מכרו,מכורנה,למכור,-1-2-1008-,"14,15,16,19,20,21,23,24,27",OK,Duolingo
קנה,pa'al,buy,ל (for),קונה,קונה,קונים,קונות,קניתי,קנינו,קנית,קנית,קניתם,קניתן,קנה,קנתה,קנו,אקנה,נקנה,תקנה,תקני,תקנו,תקנינה,יקנה,תקנה,יקנו,תקנינה,קנה,קני,קנו,קנינה,לקנות,-1-2-100-,"2,3,4,5,6,7,8,9,10,12,13,17,18,19,22,23,25,26,27,28",OK,Duolingo
רשם,pa'al,write down,,רושם,רושמת,רושמים,רושמות,רשמתי,רשמנו,רשמת,רשמת,רשמתם,רשמתן,רשם,רשמה,רשמו,ארשום,נרשום,תרשום,תרשמי,תרשמו,תרשומנה,ירשום,תרשום,ירשמו,תרשומנה,רשום,רשמי,רשמו,רשומנה,לרשום,-1-2-1008-,"14,15,16,19,20,21,23,24,27",OK,Duolingo
כאב,pa'al,hurt,ל,כואב,כואבת,כואבים,כואבות,כאבתי,כאבנו,כאבת,כאבת,כאבתם,כאבתן,כאב,כאבה,כאבו,אכאב,נכאב,תכאב,תכאבי,תכאבו,תכאבנה,יכאב,תכאב,יכאבו,תכאבנה,כאב,כאבי,כאבו,כאבנה,לכאוב,-1-2-,,OK,Duolingo
פתח,pa'al,open,את,פותח,פותחת,פותחים,פותחות,פתחתי,פתחנו,פתחת,פתחת,פתחתם,פתחתן,פתח,פתחה,פתחו,אפתח,נפתח,תפתח,תפתחי,תפתחו,תפתחנה,יפתח,תפתח,יפתחו,תפתחנה,פתח,פתחי,פתחו,פתחנה,לפתוח,-1-2-,,OK,Duolingo
נתן,pa'al,give,ל,נותן,נותנת,נותנים,נותנות,נתתי,נתנו,נתת,נתת,נתתם,נתתן,נתן,נתנה,נתנו,אתן,ניתן,תיתן,תיתני,תיתנו,תיתנה,ייתן,תיתן,ייתנו,תיתנה,תן,תני,תנו,תנה,לתת,-1-2-104-1001-1004-,"5,6,7,8,9,10,14,15,16,17,18,19,20,21,22,23,24,25,26,27,28",OK,Duolingo
סגר,pa'al,close,,סוגר,סוגרת,סוגרים,סוגרות,סגרתי,סגרנו,סגרת,סגרת,סגרתם,סגרתן,סגר,סגרה,סגרו,אסגור,נסגור,תסגור,תסגרי,תסגרו,תסגורנה,יסגור,תסגור,יסגרו,תסגורנה,סגור,סגרי,סגרו,סגורנה,לסגור,-1-2-1008-,"14,15,16,19,20,21,23,24,27",OK,Duolingo
כעס,pa'al,angry,על,כועס,כועסת,כועסים,כועסות,כעסתי,כעסנו,כעסת,כעסת,כעסתם,כעסתן,כעס,כעסה,כעסו,אכעס,נכעס,תכעס,תכעסי,תכעסו,תכעסנה,יכעס,תכעס,יכעסו,תכעסנה,כעס,כעסי,כעסו,כעסנה,לכעוס,-1-2-,,OK,Duolingo
שמר,pa'al,"keep, guard",על guard ,שומר,שומרת,שומרים,שומרות,שמרתי,שמרנו,שמרת,שמרת,שמרתם,שמרתן,שמר,שמרה,שמרו,אשמור,נשמור,תשמור,תשמרי,תשמרו,תשמורנה,ישמור,תשמור,ישמרו,תשמורנה,שמור,שמרי,שמרו,שמורנה,לשמור,-1-2-1008-,"14,15,16,19,20,21,23,24,27",OK,Duolingo
חשב,pa'al,think,,חושב,חושבת,חושבים,חושבות,חשבתי,חשבנו,חשבת,חשבת,חשבתם,חשבתן,חשב,חשבה,חשבו,אחשוב,נחשוב,תחשוב,תחשבי,תחשבו,תחשובנה,יחשוב,תחשוב,יחשבו,תחשובנה,חשוב,חשבי,חשבו,חשובנה,לחשוב,-1-2-1008-,"14,15,16,19,20,21,23,24,27",OK,Duolingo
חזר,pa'al,"return, repeat",על repeat ,חוזר,חוזרת,חוזרים,חוזרות,חזרתי,חזרנו,חזרת,חזרת,חזרתם,חזרתן,חזר,חזרה,חזרו,אחזור,נחזור,תחזור,תחזרי,תחזרו,תחזורנה,יחזור,תחזור,יחזרו,תחזורנה,חזור,חזרי,חזרו,חזורנה,לחזור,-1-2-1008-,"14,15,16,19,20,21,23,24,27",OK,Duolingo
זכר,pa'al,remember,,זוכר,זוכרת,זוכרים,זוכרות,זכרתי,זכרנו,זכרת,זכרת,זכרתם,זכרתן,זכר,זכרה,זכרו,אזכור,נזכור,תזכור,תזכרי,תזכרו,תזכורנה,יזכור,תזכור,יזכרו,תזכורנה,זכור,זכרי,זכרו,זכורנה,לזכור,-1-2-1008-,"14,15,16,19,20,21,23,24,27",OK,Duolingo
רוץ,pa'al,run,,רץ,רצה,רצים,רצות,רצתי,רצנו,רצת,רצת,רצתם,רצתן,רץ,רצה,רצו,ארוץ,נרוץ,תרוץ,תרוצי,תרוצו,תרוצנה,ירוץ,תרוץ,ירוצו,תרוצנה,רוץ,רוצי,רוצו,רוצנה,לרוץ,-1-2-101-,"1,2,3,4,5,6,7,8,9,10,11,12,13,28",OK,Duolingo
כלל,pa'al,include,,כולל,כוללת,כוללים,כוללות,כללתי,כללנו,כללת,כללת,כללתם,כללתן,כלל,כללה,כללו,אכלול,נכלול,תכלול,תכללי,תכללו,תכלולנה,יכלול,תכלול,יכללו,תכלולנה,כלול,כללי,כללו,כלולנה,לכלול,-1-2-1008-,"14,15,16,19,20,21,23,24,27",OK,Duolingo
נוח,pa'al,rest,,נח,נחה,נחים,נחות,נחתי,נחנו,נחת,נחת,נחתם,נחתן,נח,נחה,נחו,אנוח,ננוח,תנוח,תנוחי,תנוחו,תנחנה,ינוח,תנוח,ינוחו,תנחנה,נוח,נוחי,נוחו,נחנה,לנוח,-1-2-101-1014-,"1,2,3,4,5,6,7,8,9,10,11,12,13,19,23,27,28",OK,Duolingo
שיר,pa'al,sing,,שר,שרה,שרים,שרות,שרתי,שרנו,שרת,שרת,שרתם,שרתן,שר,שרה,שרו,אשיר,נשיר,תשיר,תשירי,תשירו,תשרנה,ישיר,תשיר,ישירו,תשרנה,שיר,שירי,שירו,שרנה,לשיר,-1-2-103-,"1,2,3,4,5,6,7,8,9,10,11,12,13,19,23,27,28",OK,Duolingo
רקד,pa'al,dance,,רוקד,רוקדת,רוקדים,רוקדות,רקדתי,רקדנו,רקדת,רקדת,רקדתם,רקדתן,רקד,רקדה,רקדו,ארקוד,נרקוד,תרקוד,תרקדי,תרקדו,תרקודנה,ירקוד,תרקוד,ירקדו,תרקודנה,רקוד,רקדי,רקדו,רקודנה,לרקוד,-1-2-1008-,"14,15,16,19,20,21,23,24,27",OK,Duolingo
עזר,pa'al,help,ל,עוזר,עוזרת,עוזרים,עוזרות,עזרתי,עזרנו,עזרת,עזרת,עזרתם,עזרתן,עזר,עזרה,עזרו,אעזור,נעזור,תעזור,תעזרי,תעזרו,תעזורנה,יעזור,תעזור,יעזרו,תעזורנה,עזור,עזרי,עזרו,עזורנה,לעזור,-1-2-1008-,"14,15,16,19,20,21,23,24,27",OK,Duolingo
שנא,pa'al,hate,,שונא,שונאת,שונאים,שונאות,שנאתי,שנאנו,שנאת,שנאת,שנאתם,שנאתן,שנא,שנאה,שנאו,אשנא,נשנא,תשנא,תשנאי,תשנאו,תשנאנה,ישנא,תשנא,ישנאו,תשנאנה,שנא,שנאי,שנאו,שנאנה,לשנוא,-1-2-,,OK,Duolingo
עזב,pa'al,leave,,עוזב,עוזבת,עוזבים,עוזבות,עזבתי,עזבנו,עזבת,עזבת,עזבתם,עזבתן,עזב,עזבה,עזבו,אעזוב,נעזוב,תעזוב,תעזבי,תעזבו,תעזובנה,יעזוב,תעזוב,יעזבו,תעזובנה,עזוב,עזבי,עזבו,עזובנה,לעזוב,-1-2-1008-,"14,15,16,19,20,21,23,24,27",OK,Duolingo
שקל,pa'al,consider,,שוקל,שוקלת,שוקלים,שוקלות,שקלתי,שקלנו,שקלת,שקלת,שקלתם,שקלתן,שקל,שקלה,שקלו,אשקול,נשקול,תשקול,תשקלי,תשקלו,תשקולנה,ישקול,תשקול,ישקלו,תשקולנה,שקול,שקלי,שקלו,שקולנה,לשקול,-1-2-1008-,"14,15,16,19,20,21,23,24,27",OK,Duolingo
חתם,pa'al,sign,,חותם,חותמת,חותמים,חותמות,חתמתי,חתמנו,חתמת,חתמת,חתמתם,חתמתן,חתם,חתמה,חתמו,אחתום,נחתום,תחתום,תחתמי,תחתמו,תחתומנה,יחתום,תחתום,יחתמו,תחתומנה,חתום,חתמי,חתמו,חתומנה,לחתום,-1-2-1008-,"14,15,16,19,20,21,23,24,27",OK,Duolingo
עמד,pa'al,stand,,עומד,עומדת,עומדים,עומדות,עמדתי,עמדנו,עמדת,עמדת,עמדתם,עמדתן,עמד,עמדה,עמדו,אעמוד,נעמוד,תעמוד,תעמדי,תעמדו,תעמודנה,יעמוד,תעמוד,יעמדו,תעמודנה,עמוד,עמדי,עמדו,עמודנה,לעמוד,-1-2-1008-,"14,15,16,19,20,21,23,24,27",OK,Duolingo
ישב,pa'al,sit,,יושב,יושבת,יושבים,יושבות,ישבתי,ישבנו,ישבת,ישבת,ישבתם,ישבתן,ישב,ישבה,ישבו,אשב,נשב,תשב,תשבי,תשבו,תשבנה,ישב,תשב,ישבו,תשבנה,שב,שבי,שבו,שבנה,לשבת,-1-2-1000-,"14,15,16,17,18,19,20,21,22,23,24,25,26,27,28",OK,Duolingo
שכח,pa'al,forget,,שוכח,שוכחת,שוכחים,שוכחות,שכחתי,שכחנו,שכחת,שכחת,שכחתם,שכחתן,שכח,שכחה,שכחו,אשכח,נשכח,תשכח,תשכחי,תשכחו,תשכחנה,ישכח,תשכח,ישכחו,תשכחנה,שכח,שכחי,שכחו,שכחנה,לשכוח,-1-2-,,OK,Duolingo
חתך,pa'al,cut,את,חותך,חותכת,חותכים,חותכות,חתכתי,חתכנו,חתכת,חתכת,חתכתם,חתכתן,חתך,חתכה,חתכו,אחתוך,נחתוך,תחתוך,תחתכי,תחתכו,תחתוכנה,יחתוך,תחתוך,יחתכו,תחתוכנה,חתוך,חתכי,חתכו,חתוכנה,לחתוך,-1-2-1008-,"14,15,16,19,20,21,23,24,27",OK,Duolingo
יצר,pa'al,create,,יוצר,יוצרת,יוצרים,יוצרות,יצרתי,יצרנו,יצרת,יצרת,יצרתם,יצרתן,יצר,יצרה,יצרו,אצור,ניצור,תיצור,תיצרי,תיצרו,תיצורנה,ייצור,תיצור,ייצרו,תיצורנה,צור,צרי,צרו,צורנה,ליצור,-1-2-1001-1008-,"14,15,16,17,18,19,20,21,22,23,24,25,26,27",OK,Duolingo
גדל,pa'al,grow,,גדל,גדלה,גדלים,גדלות,גדלתי,גדלנו,גדלת,גדלת,גדלתם,גדלתן,גדל,גדלה,גדלו,אגדל,נגדל,תגדל,תגדלי,תגדלו,תגדלנה,יגדל,תגדל,יגדלו,תגדלנה,גדל,גדלי,גדלו,גדלנה,לגדול,-1-2-1009-,"1,2,3,4",OK,Duolingo
בהה,pa'al,stare,ב,בוהה,בוהה,בוהים,בוהות,בהיתי,בהינו,בהית,בהית,בהיתם,בהיתן,בהה,בהתה,בהו,אבהה,נבהה,תבהה,תבהי,תבהו,תבהינה,יבהה,תבהה,יבהו,תבהינה,בהה,בהי,בהו,בהינה,לבהות,-1-2-100-,"2,3,4,5,6,7,8,9,10,12,13,17,18,19,22,23,25,26,27,28",OK,Duolingo
בדק,pa'al,check,,בודק,בודקת,בודקים,בודקות,בדקתי,בדקנו,בדקת,בדקת,בדקתם,בדקתן,בדק,בדקה,בדקו,אבדוק,נבדוק,תבדוק,תבדקי,תבדקו,תבדוקנה,יבדוק,תבדוק,יבדקו,תבדוקנה,בדוק,בדקי,בדקו,בדוקנה,לבדוק,-1-2-1008-,"14,15,16,19,20,21,23,24,27",OK,Duolingo
שלח,pa'al,send,,שולח,שולחת,שולחים,שולחות,שלחתי,שלחנו,שלחת,שלחת,שלחתם,שלחתן,שלח,שלחה,שלחו,אשלח,נשלח,תשלח,תשלחי,תשלחו,תשלחנה,ישלח,תשלח,ישלחו,תשלחנה,שלח,שלחי,שלחו,שלחנה,לשלוח,-1-2-,,OK,Duolingo
שכר,pa'al,rent,,שוכר,שוכרת,שוכרים,שוכרות,שכרתי,שכרנו,שכרת,שכרת,שכרתם,שכרתן,שכר,שכרה,שכרו,אשכור,נשכור,תשכור,תשכרי,תשכרו,תשכורנה,ישכור,תשכור,ישכרו,תשכורנה,שכור,שכרי,שכרו,שכורנה,לשכור,-1-2-1008-,"14,15,16,19,20,21,23,24,27",OK,Duolingo
יצא,pa'al,go out,,יוצא,יוצאת,יוצאים,יוצאות,יצאתי,יצאנו,יצאת,יצאת,יצאתם,יצאתן,יצא,יצאה,יצאו,אצא,נצא,תצא,תצאי,תצאו,תצאנה,יצא,תצא,יצאו,תצאנה,צא,צאי,צאו,צאנה,לצאת,-1-2-1000-,"14,15,16,17,18,19,20,21,22,23,24,25,26,27,28",OK,Duolingo
צפה,pa'al,watch,ב,צופה,צופה,צופים,צופות,צפיתי,צפינו,צפית,צפית,צפיתם,צפיתן,צפה,צפתה,צפו,אצפה,נצפה,תצפה,תצפי,תצפו,תצפינה,יצפה,תצפה,יצפו,תצפינה,צפה,צפי,צפו,צפינה,לצפות,-1-2-100-,"2,3,4,5,6,7,8,9,10,12,13,17,18,19,22,23,25,26,27,28",OK,Duolingo
נכר,hiph'il,know,,מכיר,מכירה,מכירים,מכירות,הכרתי,הכרנו,הכרת,הכרת,הכרתם,הכרתן,הכיר,הכירה,הכירו,אכיר,נכיר,תכיר,תכירי,תכירו,תכרנה,יכיר,תכיר,יכירו,תכרנה,הכר,הכירי,הכירו,הכרנה,להכיר,-1-4-1011-,"1,2,3,4,5,6,7,8,9,10,11,12,13,14,15,16,17,18,19,20,21,22,23,24,25,26,27,28",OK,Duolingo
הפך,pa'al,become,ל,הופך,הופכת,הופכים,הופכות,הפכתי,הפכנו,הפכת,הפכת,הפכתם,הפכתן,הפך,הפכה,הפכו,אהפוך,נהפוך,תהפוך,תהפכי,תהפכו,תהפוכנה,יהפוך,תהפוך,יהפכו,תהפוכנה,הפוך,הפכי,הפכו,הפוכנה,להפוך,-1-2-1008-,"14,15,16,19,20,21,23,24,27",OK,Duolingo
שבר,pa'al,break,את,שובר,שוברת,שוברים,שוברות,שברתי,שברנו,שברת,שברת,שברתם,שברתן,שבר,שברה,שברו,אשבור,נשבור,תשבור,תשברי,תשברו,תשבורנה,ישבור,תשבור,ישברו,תשבורנה,שבור,שברי,שברו,שבורנה,לשבור,-1-2-1008-,"14,15,16,19,20,21,23,24,27",OK,Duolingo
גנב,pa'al,steal,,גונב,גונבת,גונבים,גונבות,גנבתי,גנבנו,גנבת,גנבת,גנבתם,גנבתן,גנב,גנבה,גנבו,אגנוב,נגנוב,תגנוב,תגנבי,תגנבו,תגנובנה,יגנוב,תגנוב,יגנבו,תגנובנה,גנוב,גנבי,גנבו,גנובנה,לגנוב,-1-2-1008-,"14,15,16,19,20,21,23,24,27",OK,Duolingo
ברח,pa'al,run away,,בורח,בורחת,בורחים,בורחות,ברחתי,ברחנו,ברחת,ברחת,ברחתם,ברחתן,ברח,ברחה,ברחו,אברח,נברח,תברח,תברחי,תברחו,תברחנה,יברח,תברח,יברחו,תברחנה,ברח,ברחי,ברחו,ברחנה,לברוח,-1-2-,,OK,Duolingo
בקש,pi'el,ask for,מ (of) את (for),מבקש,מבקשת,מבקשים,מבקשות,ביקשתי,ביקשנו,ביקשת,ביקשת,ביקשתם,ביקשתן,ביקש,ביקשה,ביקשו,אבקש,נבקש,תבקש,תבקשי,תבקשו,תבקשנה,יבקש,תבקש,יבקשו,תבקשנה,בקש,בקשי,בקשו,בקשנה,לבקש,-1-3-,,OK,Duolingo
שלם,pi'el,pay,"to ל, for על",משלם,משלמת,משלמים,משלמות,שילמתי,שילמנו,שילמת,שילמת,שילמתם,שילמתן,שילם,שילמה,שילמו,אשלם,נשלם,תשלם,תשלמי,תשלמו,תשלמנה,ישלם,תשלם,ישלמו,תשלמנה,שלם,שלמי,שלמו,שלמנה,לשלם,-1-3-,,OK,Duolingo
פספס,pi'el,miss,,מפספס,מפספסת,מפספסים,מפספסות,פיספסתי,פיספסנו,פיספסת,פיספסת,פיספסתם,פיספסתן,פיספס,פיספסה,פיספסו,אפספס,נפספס,תפספס,תפספסי,תפספסו,תפספסנה,יפספס,תפספס,יפספסו,תפספסנה,פספס,פספסי,פספסו,פספסנה,לפספס,-1-3-,,OK,Duolingo
שחק,pi'el,"act, play",,משחק,משחקת,משחקים,משחקות,שיחקתי,שיחקנו,שיחקת,שיחקת,שיחקתם,שיחקתן,שיחק,שיחקה,שיחקו,אשחק,נשחק,תשחק,תשחקי,תשחקו,תשחקנה,ישחק,תשחק,ישחקו,תשחקנה,שחק,שחקי,שחקו,שחקנה,לשחק,-1-3-,,OK,Duolingo
ספר,pi'el,tell (story),"ל (someone), את (something)",מספר,מספרת,מספרים,מספרות,סיפרתי,סיפרנו,סיפרת,סיפרת,סיפרתם,סיפרתן,סיפר,סיפרה,סיפרו,אספר,נספר,תספר,תספרי,תספרו,תספרנה,יספר,תספר,יספרו,תספרנה,ספר,ספרי,ספרו,ספרנה,לספר,-1-3-,,OK,Duolingo
עצב,pi'el,design,ל,מעצב,מעצבת,מעצבים,מעצבות,עיצבתי,עיצבנו,עיצבת,עיצבת,עיצבתם,עיצבתן,עיצב,עיצבה,עיצבו,אעצב,נעצב,תעצב,תעצבי,תעצבו,תעצבנה,יעצב,תעצב,יעצבו,תעצבנה,עצב,עצבי,עצבו,עצבנה,לעצב,-1-3-,,OK,Duolingo
שנה,pi'el,change,,משנה,משנה,משנים,משנות,שיניתי,שינינו,שינית,שינית,שיניתם,שיניתן,שינה,שינתה,שינו,אשנה,נשנה,תשנה,תשני,תשנו,תשנינה,ישנה,תשנה,ישנו,תשנינה,שנה,שני,שנו,שנינה,לשנות,-1-3-100-108-,"2,3,4,5,6,7,8,9,10,12,13,17,18,19,22,23,25,26,27,28",OK,Duolingo
נסה,pi'el,try,,מנסה,מנסה,מנסים,מנסות,ניסיתי,ניסינו,ניסית,ניסית,ניסיתם,ניסיתן,ניסה,ניסתה,ניסו,אנסה,ננסה,תנסה,תנסי,תנסו,תנסינה,ינסה,תנסה,ינסו,תנסינה,נסה,נסי,נסו,נסינה,לנסות,-1-3-100-108-,"2,3,4,5,6,7,8,9,10,12,13,17,18,19,22,23,25,26,27,28",OK,Duolingo
קוה,pi'el,hope,ל (for),מקווה,מקווה,מקווים,מקוות,קיוויתי,קיווינו,קיווית,קיווית,קיוויתם,קיוויתן,קיווה,קיוותה,קיוו,אקווה,נקווה,תקווה,תקווי,תקוו,תקווינה,יקווה,תקווה,יקוו,תקווינה,קווה,קווי,קוו,קווינה,לקוות,-1-3-100-108-109-,"1,2,3,4,5,6,7,8,9,10,11,12,13,14,15,16,17,18,19,20,21,22,23,24,25,26,27,28",OK,Duolingo
חפש,pi'el,search,את,מחפש,מחפשת,מחפשים,מחפשות,חיפשתי,חיפשנו,חיפשת,חיפשת,חיפשתם,חיפשתן,חיפש,חיפשה,חיפשו,אחפש,נחפש,תחפש,תחפשי,תחפשו,תחפשנה,יחפש,תחפש,יחפשו,תחפשנה,חפש,חפשי,חפשו,חפשנה,לחפש,-1-3-,,OK,Duolingo
גדל,pi'el,grow,,מגדל,מגדלת,מגדלים,מגדלות,גידלתי,גידלנו,גידלת,גידלת,גידלתם,גידלתן,גידל,גידלה,גידלו,אגדל,נגדל,תגדל,תגדלי,תגדלו,תגדלנה,יגדל,תגדל,יגדלו,תגדלנה,גדל,גדלי,גדלו,גדלנה,לגדל,-1-3-,,OK,Duolingo
סמן,pi'el,"ב mark, ל signal","ב mark, ל signal",מסמן,מסמנת,מסמנים,מסמנות,סימנתי,סימנו,סימנת,סימנת,סימנתם,סימנתן,סימן,סימנה,סימנו,אסמן,נסמן,תסמן,תסמני,תסמנו,תסמנה,יסמן,תסמן,יסמנו,תסמנה,סמן,סמני,סמנו,סמנה,לסמן,-1-3-105-,"6,19,23,27",OK,Duolingo
אחל,pi'el,wish,,מאחל,מאחלת,מאחלים,מאחלות,איחלתי,איחלנו,איחלת,איחלת,איחלתם,איחלתן,איחל,איחלה,איחלו,אאחל,נאחל,תאחל,תאחלי,תאחלו,תאחלנה,יאחל,תאחל,יאחלו,תאחלנה,אחל,אחלי,אחלו,אחלנה,לאחל,-1-3-,,OK,Duolingo
ערבב,pi'el,mix,את,מערבב,מערבבת,מערבבים,מערבבות,עירבבתי,עירבבנו,עירבבת,עירבבת,עירבבתם,עירבבתן,עירבב,עירבבה,עירבבו,אערבב,נערבב,תערבב,תערבבי,תערבבו,תערבבנה,יערבב,תערבב,יערבבו,תערבבנה,ערבב,ערבבי,ערבבו,ערבבנה,לערבב,-1-3-,,OK,Duolingo
כבד,pi'el,respect,,מכבד,מכבדת,מכבדים,מכבדות,כיבדתי,כיבדנו,כיבדת,כיבדת,כיבדתם,כיבדתן,כיבד,כיבדה,כיבדו,אכבד,נכבד,תכבד,תכבדי,תכבדו,תכבדנה,יכבד,תכבד,יכבדו,תכבדנה,כבד,כבדי,כבדו,כבדנה,לכבד,-1-3-,,OK,Duolingo
סדר,pi'el,organize,,מסדר,מסדרת,מסדרים,מסדרות,סידרתי,סידרנו,סידרת,סידרת,סידרתם,סידרתן,סידר,סידרה,סידרו,אסדר,נסדר,תסדר,תסדרי,תסדרו,תסדרנה,יסדר,תסדר,יסדרו,תסדרנה,סדר,סדרי,סדרו,סדרנה,לסדר,-1-3-,,OK,Duolingo
יבש,pi'el,dry,,מייבש,מייבשת,מייבשים,מייבשות,ייבשתי,ייבשנו,ייבשת,ייבשת,ייבשתם,ייבשתן,ייבש,ייבשה,ייבשו,אייבש,נייבש,תייבש,תייבשי,תייבשו,תייבשנה,ייבש,תייבש,ייבשו,תייבשנה,יבש,יבשי,יבשו,יבשנה,לייבש,-1-3-107-,"1,2,3,4,5,6,7,8,9,10,11,12,13,14,15,16,17,18,19,21,23,28",OK,Duolingo
יבא,pi'el,import,,מייבא,מייבאת,מייבאים,מייבאות,ייבאתי,ייבאנו,ייבאת,ייבאת,ייבאתם,ייבאתן,ייבא,ייבאה,ייבאו,אייבא,נייבא,תייבא,תייבאי,תייבאו,תייבאנה,ייבא,תייבא,ייבאו,תייבאנה,יבא,יבאי,יבאו,יבאנה,לייבא,-1-3-107-,"1,2,3,4,5,6,7,8,9,10,11,12,13,14,15,16,17,18,19,21,23,28",OK,Duolingo
חמם,pi'el,heat,,מחמם,מחממת,מחממים,מחממות,חיממתי,חיממנו,חיממת,חיממת,חיממתם,חיממתן,חימם,חיממה,חיממו,אחמם,נחמם,תחמם,תחממי,תחממו,תחממנה,יחמם,תחמם,יחממו,תחממנה,חמם,חממי,חממו,חממנה,לחמם,-1-3-,,OK,Duolingo
מלא,pi'el,fill,"את (something), ב (with)",ממלא,ממלאת,ממלאים,ממלאות,מילאתי,מילאנו,מילאת,מילאת,מילאתם,מילאתן,מילא,מילאה,מילאו,אמלא,נמלא,תמלא,תמלאי,תמלאו,תמלאנה,ימלא,תמלא,ימלאו,תמלאנה,מלא,מלאי,מלאו,מלאנה,למלא,-1-3-,,OK,Duolingo
בזבז,pi'el,waste,,מבזבז,מבזבזת,מבזבזים,מבזבזות,ביזבזתי,ביזבזנו,ביזבזת,ביזבזת,ביזבזתם,ביזבזתן,ביזבז,ביזבזה,ביזבזו,אבזבז,נבזבז,תבזבז,תבזבזי,תבזבזו,תבזבזנה,יבזבז,תבזבז,יבזבזו,תבזבזנה,בזבז,בזבזי,בזבזו,בזבזנה,לבזבז,-1-3-,,OK,Duolingo
בקר,pi'el,visit ב criticize את,visit place ב criticize or cisit person את,מבקר,מבקרת,מבקרים,מבקרות,ביקרתי,ביקרנו,ביקרת,ביקרת,ביקרתם,ביקרתן,ביקר,ביקרה,ביקרו,אבקר,נבקר,תבקר,תבקרי,תבקרו,תבקרנה,יבקר,תבקר,יבקרו,תבקרנה,בקר,בקרי,בקרו,בקרנה,לבקר,-1-3-,,OK,Duolingo
קבל,pi'el,receive,,מקבל,מקבלת,מקבלים,מקבלות,קיבלתי,קיבלנו,קיבלת,קיבלת,קיבלתם,קיבלתן,קיבל,קיבלה,קיבלו,אקבל,נקבל,תקבל,תקבלי,תקבלו,תקבלנה,יקבל,תקבל,יקבלו,תקבלנה,קבל,קבלי,קבלו,קבלנה,לקבל,-1-3-,,OK,Duolingo
רחם,pi'el,pity,על repeat ,מרחם,מרחמת,מרחמים,מרחמות,ריחמתי,ריחמנו,ריחמת,ריחמת,ריחמתם,ריחמתן,ריחם,ריחמה,ריחמו,ארחם,נרחם,תרחם,תרחמי,תרחמו,תרחמנה,ירחם,תרחם,ירחמו,תרחמנה,רחם,רחמי,רחמו,רחמנה,לרחם,-1-3-,,OK,Duolingo
קנא,pi'el,feel jealous,"ב mark, ל signal",מקנא,מקנאת,מקנאים,מקנאות,קינאתי,קינאנו,קינאת,קינאת,קינאתם,קינאתן,קינא,קינאה,קינאו,אקנא,נקנא,תקנא,תקנאי,תקנאו,תקנאנה,יקנא,תקנא,יקנאו,תקנאנה,קנא,קנאי,קנאו,קנאנה,לקנא,-1-3-,,OK,Duolingo
טפס,pi'el,climb,על,מטפס,מטפסת,מטפסים,מטפסות,טיפסתי,טיפסנו,טיפסת,טיפסת,טיפסתם,טיפסתן,טיפס,טיפסה,טיפסו,אטפס,נטפס,תטפס,תטפסי,תטפסו,תטפסנה,יטפס,תטפס,יטפסו,תטפסנה,טפס,טפסי,טפסו,טפסנה,לטפס,-1-3-,,OK,Duolingo
נצח,pi'el,win,,מנצח,מנצחת,מנצחים,מנצחות,ניצחתי,ניצחנו,ניצחת,ניצחת,ניצחתם,ניצחתן,ניצח,ניצחה,ניצחו,אנצח,ננצח,תנצח,תנצחי,תנצחו,תנצחנה,ינצח,תנצח,ינצחו,תנצחנה,נצח,נצחי,נצחו,נצחנה,לנצח,-1-3-,,OK,Duolingo
אמן,pi'el,train,,מאמן,מאמנת,מאמנים,מאמנות,אימנתי,אימנו,אימנת,אימנת,אימנתם,אימנתן,אימן,אימנה,אימנו,אאמן,נאמן,תאמן,תאמני,תאמנו,תאמנה,יאמן,תאמן,יאמנו,תאמנה,אמן,אמני,אמנו,אמנה,לאמן,-1-3-105-,"6,19,23,27",OK,Duolingo
שקר,pi'el,lie,ל,משקר,משקרת,משקרים,משקרות,שיקרתי,שיקרנו,שיקרת,שיקרת,שיקרתם,שיקרתן,שיקר,שיקרה,שיקרו,אשקר,נשקר,תשקר,תשקרי,תשקרו,תשקרנה,ישקר,תשקר,ישקרו,תשקרנה,שקר,שקרי,שקרו,שקרנה,לשקר,-1-3-,,OK,Duolingo
אחר,pi'el,late,,מאחר,מאחרת,מאחרים,מאחרות,איחרתי,איחרנו,איחרת,איחרת,איחרתם,איחרתן,איחר,איחרה,איחרו,אאחר,נאחר,תאחר,תאחרי,תאחרו,תאחרנה,יאחר,תאחר,יאחרו,תאחרנה,אחר,אחרי,אחרו,אחרנה,לאחר,-1-3-,,OK,Duolingo
ספק,pi'el,satisfy,,מספק,מספקת,מספקים,מספקות,סיפקתי,סיפקנו,סיפקת,סיפקת,סיפקתם,סיפקתן,סיפק,סיפקה,סיפקו,אספק,נספק,תספק,תספקי,תספקו,תספקנה,יספק,תספק,יספקו,תספקנה,ספק,ספקי,ספקו,ספקנה,לספק,-1-3-,,OK,Duolingo
סים,pi'el,finish,,מסיים,מסיימת,מסיימים,מסיימות,סיימתי,סיימנו,סיימת,סיימת,סיימתם,סיימתן,סיים,סיימה,סיימו,אסיים,נסיים,תסיים,תסיימי,תסיימו,תסיימנה,יסיים,תסיים,יסיימו,תסיימנה,סיים,סיימי,סיימו,סיימנה,לסיים,-1-3-106-,"1,2,3,4,5,6,7,8,9,10,11,12,13,14,15,16,17,18,19,20,21,22,23,24,25,26,27,28",OK,Duolingo
שכנע,pi'el,convince,,משכנע,משכנעת,משכנעים,משכנעות,שיכנעתי,שיכנענו,שיכנעת,שיכנעת,שיכנעתם,שיכנעתן,שיכנע,שיכנעה,שיכנעו,אשכנע,נשכנע,תשכנע,תשכנעי,תשכנעו,תשכנענה,ישכנע,תשכנע,ישכנעו,תשכנענה,שכנע,שכנעי,שכנעו,שכנענה,לשכנע,-1-3-,,OK,Duolingo
אבד,pi'el,lose,,מאבד,מאבדת,מאבדים,מאבדות,איבדתי,איבדנו,איבדת,איבדת,איבדתם,איבדתן,איבד,איבדה,איבדו,אאבד,נאבד,תאבד,תאבדי,תאבדו,תאבדנה,יאבד,תאבד,יאבדו,תאבדנה,אבד,אבדי,אבדו,אבדנה,לאבד,-1-3-,,OK,Duolingo
צלם,pi'el,photograph,,מצלם,מצלמת,מצלמים,מצלמות,צילמתי,צילמנו,צילמת,צילמת,צילמתם,צילמתן,צילם,צילמה,צילמו,אצלם,נצלם,תצלם,תצלמי,תצלמו,תצלמנה,יצלם,תצלם,יצלמו,תצלמנה,צלם,צלמי,צלמו,צלמנה,לצלם,-1-3-,,OK,Duolingo
אמץ,pi'el,adopt,,מאמץ,מאמצת,מאמצים,מאמצות,אימצתי,אימצנו,אימצת,אימצת,אימצתם,אימצתן,אימץ,אימצה,אימצו,אאמץ,נאמץ,תאמץ,תאמצי,תאמצו,תאמצנה,יאמץ,תאמץ,יאמצו,תאמצנה,אמץ,אמצי,אמצו,אמצנה,לאמץ,-1-3-,,OK,Duolingo
פחד,pi'el,scared of מ that ש,of מ that ש,מפחד,מפחדת,מפחדים,מפחדות,פיחדתי,פיחדנו,פיחדת,פיחדת,פיחדתם,פיחדתן,פיחד,פיחדה,פיחדו,אפחד,נפחד,תפחד,תפחדי,תפחדו,תפחדנה,יפחד,תפחד,יפחדו,תפחדנה,פחד,פחדי,פחדו,פחדנה,לפחד,-1-3-,,OK,Duolingo
אשר,pi'el,approve,,מאשר,מאשרת,מאשרים,מאשרות,אישרתי,אישרנו,אישרת,אישרת,אישרתם,אישרתן,אישר,אישרה,אישרו,אאשר,נאשר,תאשר,תאשרי,תאשרו,תאשרנה,יאשר,תאשר,יאשרו,תאשרנה,אשר,אשרי,אשרו,אשרנה,לאשר,-1-3-,,OK,Duolingo
גלה,pi'el,discover,,מגלה,מגלה,מגלים,מגלות,גיליתי,גילינו,גילית,גילית,גיליתם,גיליתן,גילה,גילתה,גילו,אגלה,נגלה,תגלה,תגלי,תגלו,תגלינה,יגלה,תגלה,יגלו,תגלינה,גלה,גלי,גלו,גלינה,לגלות,-1-3-100-108-,"2,3,4,5,6,7,8,9,10,12,13,17,18,19,22,23,25,26,27,28",OK,Duolingo
גלח,pi'el,shave,,מגלח,מגלחת,מגלחים,מגלחות,גילחתי,גילחנו,גילחת,גילחת,גילחתם,גילחתן,גילח,גילחה,גילחו,אגלח,נגלח,תגלח,תגלחי,תגלחו,תגלחנה,יגלח,תגלח,יגלחו,תגלחנה,גלח,גלחי,גלחו,גלחנה,לגלח,-1-3-,,OK,Duolingo
חדש,pi'el,renew,,מחדש,מחדשת,מחדשים,מחדשות,חידשתי,חידשנו,חידשת,חידשת,חידשתם,חידשתן,חידש,חידשה,חידשו,אחדש,נחדש,תחדש,תחדשי,תחדשו,תחדשנה,יחדש,תחדש,יחדשו,תחדשנה,חדש,חדשי,חדשו,חדשנה,לחדש,-1-3-,,OK,Duolingo
ברך,pi'el,"bless, greet",,מברך,מברכת,מברכים,מברכות,בירכתי,בירכנו,בירכת,בירכת,בירכתם,בירכתן,בירך,בירכה,בירכו,אברך,נברך,תברך,תברכי,תברכו,תברכנה,יברך,תברך,יברכו,תברכנה,ברך,ברכי,ברכו,ברכנה,לברך,-1-3-,,OK,Duolingo
תאר,pi'el,describe,,מתאר,מתארת,מתארים,מתארות,תיארתי,תיארנו,תיארת,תיארת,תיארתם,תיארתן,תיאר,תיארה,תיארו,אתאר,נתאר,תתאר,תתארי,תתארו,תתארנה,יתאר,תתאר,יתארו,תתארנה,תאר,תארי,תארו,תארנה,לתאר,-1-3-,,OK,Duolingo
תקן,pi'el,repair,,מתקן,מתקנת,מתקנים,מתקנות,תיקנתי,תיקנו,תיקנת,תיקנת,תיקנתם,תיקנתן,תיקן,תיקנה,תיקנו,אתקן,נתקן,תתקן,תתקני,תתקנו,תתקנה,יתקן,תתקן,יתקנו,תתקנה,תקן,תקני,תקנו,תקנה,לתקן,-1-3-105-,"6,19,23,27",OK,Duolingo
היה,pa'al,be,,הווה,הווה,הווים,הוות,הייתי,היינו,היית,היית,הייתם,הייתן,היה,הייתה,היו,אהיה,נהיה,תהיה,תהיי,תהיו,תהיינה,יהיה,תהיה,יהיו,תהיינה,היה,היי,היו,היינה,להיות,-1-2-100-1012-,"1,2,3,4,5,6,7,8,9,10,12,13,17,18,19,22,23,25,26,27,28",OK,Duolingo
קשב,hiph'il,listen,,מקשיב,מקשיבה,מקשיבים,מקשיבות,הקשבתי,הקשבנו,הקשבת,הקשבת,הקשבתם,הקשבתן,הקשיב,הקשיבה,הקשיבו,אקשיב,נקשיב,תקשיב,תקשיבי,תקשיבו,תקשבנה,יקשיב,תקשיב,יקשיבו,תקשבנה,הקשב,הקשיבי,הקשיבו,הקשבנה,להקשיב,-1-4-,,OK,Duolingo
ראה,hiph'il,show,ל,מראה,מראה,מראים,מראות,הראיתי,הראינו,הראית,הראית,הראיתם,הראיתן,הראה,הראתה,הראו,אראה,נראה,תראה,תראי,תראו,תראינה,יראה,תראה,יראו,תראינה,הראה,הראי,הראו,הראינה,להראות,-1-4-100-110-,"1,2,3,4,5,6,7,8,9,10,11,12,13,14,15,16,17,18,19,20,21,22,23,25,26,27,28",OK,Duolingo
אזן,hiph'il,listen to music,,מאזין,מאזינה,מאזינים,מאזינות,האזנתי,האזנו,האזנת,האזנת,האזנתם,האזנתן,האזין,האזינה,האזינו,אאזין,נאזין,תאזין,תאזיני,תאזינו,תאזנה,יאזין,תאזין,יאזינו,תאזנה,האזן,האזיני,האזינו,האזנה,להאזין,-1-4-114-,"6,19,23,27",OK,Duolingo
יצע,hiph'il,suggest,ל,מציע,מציעה,מציעים,מציעות,הצעתי,הצענו,הצעת,הצעת,הצעתם,הצעתן,הציע,הציעה,הציעו,אציע,נציע,תציע,תציעי,תציעו,תצענה,יציע,תציע,יציעו,תצענה,הצע,הציעי,הציעו,הצענה,להציע,-1-4-1011-,"1,2,3,4,5,6,7,8,9,10,11,12,13,14,15,16,17,18,19,20,21,22,23,24,25,26,27,28",OK,Duolingo
רגש,hiph'il,feel,,מרגיש,מרגישה,מרגישים,מרגישות,הרגשתי,הרגשנו,הרגשת,הרגשת,הרגשתם,הרגשתן,הרגיש,הרגישה,הרגישו,ארגיש,נרגיש,תרגיש,תרגישי,תרגישו,תרגשנה,ירגיש,תרגיש,ירגישו,תרגשנה,הרגש,הרגישי,הרגישו,הרגשנה,להרגיש,-1-4-,,OK,Duolingo
כון,hiph'il,make,,מכין,מכינה,מכינים,מכינות,הכנתי,הכנו,הכנת,הכנת,הכנתם,הכנתן,הכין,הכינה,הכינו,אכין,נכין,תכין,תכיני,תכינו,תכנה,יכין,תכין,יכינו,תכנה,הכן,הכיני,הכינו,הכנה,להכין,-1-4-111-114-,"1,2,3,4,5,6,7,8,9,10,11,12,13,14,15,16,17,18,19,20,21,22,23,24,25,26,27,28",OK,Duolingo
אמן,hiph'il,believe,ל,מאמין,מאמינה,מאמינים,מאמינות,האמנתי,האמנו,האמנת,האמנת,האמנתם,האמנתן,האמין,האמינה,האמינו,אאמין,נאמין,תאמין,תאמיני,תאמינו,תאמנה,יאמין,תאמין,יאמינו,תאמנה,האמן,האמיני,האמינו,האמנה,להאמין,-1-4-114-,"6,19,23,27",OK,Duolingo
סכם,hiph'il,agree,,מסכים,מסכימה,מסכימים,מסכימות,הסכמתי,הסכמנו,הסכמת,הסכמת,הסכמתם,הסכמתן,הסכים,הסכימה,הסכימו,אסכים,נסכים,תסכים,תסכימי,תסכימו,תסכמנה,יסכים,תסכים,יסכימו,תסכמנה,הסכם,הסכימי,הסכימו,הסכמנה,להסכים,-1-4-,,OK,Duolingo
תחל,hiph'il,start,את,מתחיל,מתחילה,מתחילים,מתחילות,התחלתי,התחלנו,התחלת,התחלת,התחלתם,התחלתן,התחיל,התחילה,התחילו,אתחיל,נתחיל,תתחיל,תתחילי,תתחילו,תתחלנה,יתחיל,תתחיל,יתחילו,תתחלנה,התחל,התחילי,התחילו,התחלנה,להתחיל,-1-4-,,OK,Duolingo
נגע,hiph'il,arrive,,מגיע,מגיעה,מגיעים,מגיעות,הגעתי,הגענו,הגעת,הגעת,הגעתם,הגעתן,הגיע,הגיעה,הגיעו,אגיע,נגיע,תגיע,תגיעי,תגיעו,תגענה,יגיע,תגיע,יגיעו,תגענה,הגע,הגיעי,הגיעו,הגענה,להגיע,-1-4-1011-,"1,2,3,4,5,6,7,8,9,10,11,12,13,14,15,16,17,18,19,20,21,22,23,24,25,26,27,28",OK,Duolingo
ידה,hiph'il,thank,ל,מודה,מודה,מודים,מודות,הודיתי,הודינו,הודית,הודית,הודיתם,הודיתן,הודה,הודתה,הודו,אודה,נודה,תודה,תודי,תודו,תודינה,יודה,תודה,יודו,תודינה,הודה,הודי,הודו,הודינה,להודות,-1-4-100-110-1013-,"1,2,3,4,5,6,7,8,9,10,11,12,13,14,15,16,17,18,19,20,21,22,23,24,25,26,27,28",OK,Duolingo
עבר,hiph'il,pass,ל,מעביר,מעבירה,מעבירים,מעבירות,העברתי,העברנו,העברת,העברת,העברתם,העברתן,העביר,העבירה,העבירו,אעביר,נעביר,תעביר,תעבירי,תעבירו,תעברנה,יעביר,תעביר,יעבירו,תעברנה,העבר,העבירי,העבירו,העברנה,להעביר,-1-4-,,OK,Duolingo
צלח,hiph'il,succeed,,מצליח,מצליחה,מצליחים,מצליחות,הצלחתי,הצלחנו,הצלחת,הצלחת,הצלחתם,הצלחתן,הצליח,הצליחה,הצליחו,אצליח,נצליח,תצליח,תצליחי,תצליחו,תצלחנה,יצליח,תצליח,יצליחו,תצלחנה,הצלח,הצליחי,הצליחו,הצלחנה,להצליח,-1-4-,,OK,Duolingo
חזר,hiph'il,"return, repeat","ל (return), על (repeat)",מחזיר,מחזירה,מחזירים,מחזירות,החזרתי,החזרנו,החזרת,החזרת,החזרתם,החזרתן,החזיר,החזירה,החזירו,אחזיר,נחזיר,תחזיר,תחזירי,תחזירו,תחזרנה,יחזיר,תחזיר,יחזירו,תחזרנה,החזר,החזירי,החזירו,החזרנה,להחזיר,-1-4-,,OK,Duolingo
נשג,hiph'il,"get, achieve",,משיג,משיגה,משיגים,משיגות,השגתי,השגנו,השגת,השגת,השגתם,השגתן,השיג,השיגה,השיגו,אשיג,נשיג,תשיג,תשיגי,תשיגו,תשגנה,ישיג,תשיג,ישיגו,תשגנה,השג,השיגי,השיגו,השגנה,להשיג,-1-4-1011-,"1,2,3,4,5,6,7,8,9,10,11,12,13,14,15,16,17,18,19,20,21,22,23,24,25,26,27,28",OK,Duolingo
שכר,hiph'il,rent out,,משכיר,משכירה,משכירים,משכירות,השכרתי,השכרנו,השכרת,השכרת,השכרתם,השכרתן,השכיר,השכירה,השכירו,אשכיר,נשכיר,תשכיר,תשכירי,תשכירו,תשכרנה,ישכיר,תשכיר,ישכירו,תשכרנה,השכר,השכירי,השכירו,השכרנה,להשכיר,-1-4-,,OK,Duolingo
מלץ,hiph'il,recommend,על,ממליץ,ממליצה,ממליצים,ממליצות,המלצתי,המלצנו,המלצת,המלצת,המלצתם,המלצתן,המליץ,המליצה,המליצו,אמליץ,נמליץ,תמליץ,תמליצי,תמליצו,תמלצנה,ימליץ,תמליץ,ימליצו,תמלצנה,המלץ,המליצי,המליצו,המלצנה,להמליץ,-1-4-,,OK,Duolingo
חזק,hiph'il,hold,,מחזיק,מחזיקה,מחזיקים,מחזיקות,החזקתי,החזקנו,החזקת,החזקת,החזקתם,החזקתן,החזיק,החזיקה,החזיקו,אחזיק,נחזיק,תחזיק,תחזיקי,תחזיקו,תחזקנה,יחזיק,תחזיק,יחזיקו,תחזקנה,החזק,החזיקי,החזיקו,החזקנה,להחזיק,-1-4-,,OK,Duolingo
נפק,hiph'il,produce,,מפיק,מפיקה,מפיקים,מפיקות,הפקתי,הפקנו,הפקת,הפקת,הפקתם,הפקתן,הפיק,הפיקה,הפיקו,אפיק,נפיק,תפיק,תפיקי,תפיקו,תפקנה,יפיק,תפיק,יפיקו,תפקנה,הפק,הפיקי,הפיקו,הפקנה,להפיק,-1-4-1011-,"1,2,3,4,5,6,7,8,9,10,11,12,13,14,15,16,17,18,19,20,21,22,23,24,25,26,27,28",OK,Duolingo
נוח,hiph'il,"put, assume",,מניח,מניחה,מניחים,מניחות,הנחתי,הנחנו,הנחת,הנחת,הנחתם,הנחתן,הניח,הניחה,הניחו,אניח,נניח,תניח,תניחי,תניחו,תנחנה,יניח,תניח,יניחו,תנחנה,הנח,הניחי,הניחו,הנחנה,להניח,-1-4-111-,"1,2,3,4,5,6,7,8,9,10,11,12,13,14,15,16,17,18,19,20,21,22,23,24,25,26,27,28",OK,Duolingo
יפע,hiph'il,perform,,מופיע,מופיעה,מופיעים,מופיעות,הופעתי,הופענו,הופעת,הופעת,הופעתם,הופעתן,הופיע,הופיעה,הופיעו,אופיע,נופיע,תופיע,תופיעי,תופיעו,תופענה,יופיע,תופיע,יופיעו,תופענה,הופע,הופיעי,הופיעו,הופענה,להופיע,-1-4-1013-,"1,2,3,4,5,6,7,8,9,10,11,12,13,14,15,16,17,18,19,20,21,22,23,24,25,26,27,28",OK,Duolingo
יסף,hiph'il,add,,מוסיף,מוסיפה,מוסיפים,מוסיפות,הוספתי,הוספנו,הוספת,הוספת,הוספתם,הוספתן,הוסיף,הוסיפה,הוסיפו,אוסיף,נוסיף,תוסיף,תוסיפי,תוסיפו,תוספנה,יוסיף,תוסיף,יוסיפו,תוספנה,הוסף,הוסיפי,הוסיפו,הוספנה,להוסיף,-1-4-1013-,"1,2,3,4,5,6,7,8,9,10,11,12,13,14,15,16,17,18,19,20,21,22,23,24,25,26,27,28",OK,Duolingo
נגש,hiph'il,"serve, submit",ל,מגיש,מגישה,מגישים,מגישות,הגשתי,הגשנו,הגשת,הגשת,הגשתם,הגשתן,הגיש,הגישה,הגישו,אגיש,נגיש,תגיש,תגישי,תגישו,תגשנה,יגיש,תגיש,יגישו,תגשנה,הגש,הגישי,הגישו,הגשנה,להגיש,-1-4-1011-,"1,2,3,4,5,6,7,8,9,10,11,12,13,14,15,16,17,18,19,20,21,22,23,24,25,26,27,28",OK,Duolingo
משך,hiph'il,continue,,ממשיך,ממשיכה,ממשיכים,ממשיכות,המשכתי,המשכנו,המשכת,המשכת,המשכתם,המשכתן,המשיך,המשיכה,המשיכו,אמשיך,נמשיך,תמשיך,תמשיכי,תמשיכו,תמשכנה,ימשיך,תמשיך,ימשיכו,תמשכנה,המשך,המשיכי,המשיכו,המשכנה,להמשיך,-1-4-,,OK,Duolingo
יצג,hiph'il,"present, introduce",ל,מציג,מציגה,מציגים,מציגות,הצגתי,הצגנו,הצגת,הצגת,הצגתם,הצגתן,הציג,הציגה,הציגו,אציג,נציג,תציג,תציגי,תציגו,תצגנה,יציג,תציג,יציגו,תצגנה,הצג,הציגי,הציגו,הצגנה,להציג,-1-4-1011-,"1,2,3,4,5,6,7,8,9,10,11,12,13,14,15,16,17,18,19,20,21,22,23,24,25,26,27,28",OK,Duolingo
כרז,hiph'il,announce,על,מכריז,מכריזה,מכריזים,מכריזות,הכרזתי,הכרזנו,הכרזת,הכרזת,הכרזתם,הכרזתן,הכריז,הכריזה,הכריזו,אכריז,נכריז,תכריז,תכריזי,תכריזו,תכרזנה,יכריז,תכריז,יכריזו,תכרזנה,הכרז,הכריזי,הכריזו,הכרזנה,להכריז,-1-4-,,OK,Duolingo
זמן,hiph'il,"invite, order","את (someone), ל (to)",מזמין,מזמינה,מזמינים,מזמינות,הזמנתי,הזמנו,הזמנת,הזמנת,הזמנתם,הזמנתן,הזמין,הזמינה,הזמינו,אזמין,נזמין,תזמין,תזמיני,תזמינו,תזמנה,יזמין,תזמין,יזמינו,תזמנה,הזמן,הזמיני,הזמינו,הזמנה,להזמין,-1-4-114-,"6,19,23,27",OK,Duolingo
רשה,hiph'il,allow,ל,מרשה,מרשה,מרשים,מרשות,הרשיתי,הרשינו,הרשית,הרשית,הרשיתם,הרשיתן,הרשה,הרשתה,הרשו,ארשה,נרשה,תרשה,תרשי,תרשו,תרשינה,ירשה,תרשה,ירשו,תרשינה,הרשה,הרשי,הרשו,הרשינה,להרשות,-1-4-100-110-,"1,2,3,4,5,6,7,8,9,10,11,12,13,14,15,16,17,18,19,20,21,22,23,25,26,27,28",OK,Duolingo
זכר,hiph'il,remind,"ל (someone), את (of, about)",מזכיר,מזכירה,מזכירים,מזכירות,הזכרתי,הזכרנו,הזכרת,הזכרת,הזכרתם,הזכרתן,הזכיר,הזכירה,הזכירו,אזכיר,נזכיר,תזכיר,תזכירי,תזכירו,תזכרנה,יזכיר,תזכיר,יזכירו,תזכרנה,הזכר,הזכירי,הזכירו,הזכרנה,להזכיר,-1-4-,,OK,Duolingo
עדף,hiph'il,prefer,את,מעדיף,מעדיפה,מעדיפים,מעדיפות,העדפתי,העדפנו,העדפת,העדפת,העדפתם,העדפתן,העדיף,העדיפה,העדיפו,אעדיף,נעדיף,תעדיף,תעדיפי,תעדיפו,תעדפנה,יעדיף,תעדיף,יעדיפו,תעדפנה,העדף,העדיפי,העדיפו,העדפנה,להעדיף,-1-4-,,OK,Duolingo
תאם,hiph'il,"fit, suit",ל,מתאים,מתאימה,מתאימים,מתאימות,התאמתי,התאמנו,התאמת,התאמת,התאמתם,התאמתן,התאים,התאימה,התאימו,אתאים,נתאים,תתאים,תתאימי,תתאימו,תתאמנה,יתאים,תתאים,יתאימו,תתאמנה,התאם,התאימי,התאימו,התאמנה,להתאים,-1-4-,,OK,Duolingo
חלט,hiph'il,decide,,מחליט,מחליטה,מחליטים,מחליטות,החלטתי,החלטנו,החלטת,החלטת,החלטתם,החלטתן,החליט,החליטה,החליטו,אחליט,נחליט,תחליט,תחליטי,תחליטו,תחלטנה,יחליט,תחליט,יחליטו,תחלטנה,החלט,החליטי,החליטו,החלטנה,להחליט,-1-4-,,OK,Duolingo
בין,hiph'il,understand,,מבין,מבינה,מבינים,מבינות,הבנתי,הבנו,הבנת,הבנת,הבנתם,הבנתן,הבין,הבינה,הבינו,אבין,נבין,תבין,תביני,תבינו,תבנה,יבין,תבין,יבינו,תבנה,הבן,הביני,הבינו,הבנה,להבין,-1-4-112-114-,"1,2,3,4,5,6,7,8,9,10,11,12,13,14,15,16,17,18,19,20,21,22,23,24,25,26,27,28",OK,Duolingo
כול,hiph'il,contain,,מכיל,מכילה,מכילים,מכילות,הכלתי,הכלנו,הכלת,הכלת,הכלתם,הכלתן,הכיל,הכילה,הכילו,אכיל,נכיל,תכיל,תכילי,תכילו,תכלנה,יכיל,תכיל,יכילו,תכלנה,הכל,הכילי,הכילו,הכלנה,להכיל,-1-4-111-,"1,2,3,4,5,6,7,8,9,10,11,12,13,14,15,16,17,18,19,20,21,22,23,24,25,26,27,28",OK,Duolingo
חלף,hiph'il,replace,את,מחליף,מחליפה,מחליפים,מחליפות,החלפתי,החלפנו,החלפת,החלפת,החלפתם,החלפתן,החליף,החליפה,החליפו,אחליף,נחליף,תחליף,תחליפי,תחליפו,תחלפנה,יחליף,תחליף,יחליפו,תחלפנה,החלף,החליפי,החליפו,החלפנה,להחליף,-1-4-,,OK,Duolingo
ערך,hiph'il,appreciate,,מעריך,מעריכה,מעריכים,מעריכות,הערכתי,הערכנו,הערכת,הערכת,הערכתם,הערכתן,העריך,העריכה,העריכו,אעריך,נעריך,תעריך,תעריכי,תעריכו,תערכנה,יעריך,תעריך,יעריכו,תערכנה,הערך,העריכי,העריכו,הערכנה,להעריך,-1-4-,,OK,Duolingo
בוא,hiph'il,bring,את,מביא,מביאה,מביאים,מביאות,הבאתי,הבאנו,הבאת,הבאת,הבאתם,הבאתן,הביא,הביאה,הביאו,אביא,נביא,תביא,תביאי,תביאו,תבאנה,יביא,תביא,יביאו,תבאנה,הבא,הביאי,הביאו,הבאנה,להביא,-1-4-111-,"1,2,3,4,5,6,7,8,9,10,11,12,13,14,15,16,17,18,19,20,21,22,23,24,25,26,27,28",OK,Duolingo
נגד,hiph'il,"tell (info) (future, imp, inf)","ל (someone), את (something)",מגיד,מגידה,מגידים,מגידות,הגדתי,הגדנו,הגדת,הגדת,הגדתם,הגדתן,הגיד,הגידה,הגידו,אגיד,נגיד,תגיד,תגידי,תגידו,תגדנה,יגיד,תגיד,יגידו,תגדנה,הגד,הגידי,הגידו,הגדנה,להגיד,-1-4-1011-,"1,2,3,4,5,6,7,8,9,10,11,12,13,14,15,16,17,18,19,20,21,22,23,24,25,26,27,28",OK,Duolingo
גור,pa'al,live (location),ב,גר,גרה,גרים,גרות,גרתי,גרנו,גרת,גרת,גרתם,גרתן,גר,גרה,גרו,אגור,נגור,תגור,תגורי,תגורו,תגורנה,יגור,תגור,יגורו,תגורנה,גור,גורי,גורו,גורנה,לגור,-1-2-101-,"1,2,3,4,5,6,7,8,9,10,11,12,13,28",OK,Duolingo
סבל,pa'al,suffer,,סובל,סובלת,סובלים,סובלות,סבלתי,סבלנו,סבלת,סבלת,סבלתם,סבלתן,סבל,סבלה,סבלו,אסבול,נסבול,תסבול,תסבלי,תסבלו,תסבולנה,יסבול,תסבול,יסבלו,תסבולנה,סבול,סבלי,סבלו,סבולנה,לסבול,-1-2-1008-,"14,15,16,19,20,21,23,24,27",OK,Duolingo
מנע,pa'al,prevent,,מונע,מונעת,מונעים,מונעות,מנעתי,מנענו,מנעת,מנעת,מנעתם,מנעתן,מנע,מנעה,מנעו,אמנע,נמנע,תמנע,תמנעי,תמנעו,תמנענה,ימנע,תמנע,ימנעו,תמנענה,מנע,מנעי,מנעו,מנענה,למנוע,-1-2-,,OK,Duolingo
ציר,pi'el,draw,,מצייר,מציירת,מציירים,מציירות,ציירתי,ציירנו,ציירת,ציירת,ציירתם,ציירתן,צייר,ציירה,ציירו,אצייר,נצייר,תצייר,תציירי,תציירו,תציירנה,יצייר,תצייר,יציירו,תציירנה,צייר,ציירי,ציירו,ציירנה,לצייר,-1-3-106-,"1,2,3,4,5,6,7,8,9,10,11,12,13,14,15,16,17,18,19,20,21,22,23,24,25,26,27,28",OK,Duolingo
שפע,hiph'il,influence,על,משפיע,משפיעה,משפיעים,משפיעות,השפעתי,השפענו,השפעת,השפעת,השפעתם,השפעתן,השפיע,השפיעה,השפיעו,אשפיע,נשפיע,תשפיע,תשפיעי,תשפיעו,תשפענה,ישפיע,תשפיע,ישפיעו,תשפענה,השפע,השפיעי,השפיעו,השפענה,להשפיע,-1-4-,,OK,Duolingo
גדל,hiph'il,increase,,מגדיל,מגדילה,מגדילים,מגדילות,הגדלתי,הגדלנו,הגדלת,הגדלת,הגדלתם,הגדלתן,הגדיל,הגדילה,הגדילו,אגדיל,נגדיל,תגדיל,תגדילי,תגדילו,תגדלנה,יגדיל,תגדיל,יגדילו,תגדלנה,הגדל,הגדילי,הגדילו,הגדלנה,להגדיל,-1-4-,,OK,Duolingo
שפר,pi'el,improve,,משפר,משפרת,משפרים,משפרות,שיפרתי,שיפרנו,שיפרת,שיפרת,שיפרתם,שיפרתן,שיפר,שיפרה,שיפרו,אשפר,נשפר,תשפר,תשפרי,תשפרו,תשפרנה,ישפר,תשפר,ישפרו,תשפרנה,שפר,שפרי,שפרו,שפרנה,לשפר,-1-3-,,OK,Duolingo
גדר,hiph'il,define,,מגדיר,מגדירה,מגדירים,מגדירות,הגדרתי,הגדרנו,הגדרת,הגדרת,הגדרתם,הגדרתן,הגדיר,הגדירה,הגדירו,אגדיר,נגדיר,תגדיר,תגדירי,תגדירו,תגדרנה,יגדיר,תגדיר,יגדירו,תגדרנה,הגדר,הגדירי,הגדירו,הגדרנה,להגדיר,-1-4-,,OK,Duolingo
כסה,pi'el,cover,את,מכסה,מכסה,מכסים,מכסות,כיסיתי,כיסינו,כיסית,כיסית,כיסיתם,כיסיתן,כיסה,כיסתה,כיסו,אכסה,נכסה,תכסה,תכסי,תכסו,תכסינה,יכסה,תכסה,יכסו,תכסינה,כסה,כסי,כסו,כסינה,לכסות,-1-3-100-108-,"2,3,4,5,6,7,8,9,10,12,13,17,18,19,22,23,25,26,27,28",OK,Duolingo
אפשר,pi'el,allow,ל,מאפשר,מאפשרת,מאפשרים,מאפשרות,איפשרתי,איפשרנו,איפשרת,איפשרת,איפשרתם,איפשרתן,איפשר,איפשרה,איפשרו,אאפשר,נאפשר,תאפשר,תאפשרי,תאפשרו,תאפשרנה,יאפשר,תאפשר,יאפשרו,תאפשרנה,אפשר,אפשרי,אפשרו,אפשרנה,לאפשר,-1-3-,,OK,Duolingo
פתח,pi'el,develop,את,מפתח,מפתחת,מפתחים,מפתחות,פיתחתי,פיתחנו,פיתחת,פיתחת,פיתחתם,פיתחתן,פיתח,פיתחה,פיתחו,אפתח,נפתח,תפתח,תפתחי,תפתחו,תפתחנה,יפתח,תפתח,יפתחו,תפתחנה,פתח,פתחי,פתחו,פתחנה,לפתח,-1-3-,,OK,Duolingo
מות,pa'al,die,,מת,מתה,מתים,מתות,מתי,מתנו,מת,מת,מתם,מתן,מת,מתה,מתו,אמות,נמות,תמות,תמותי,תמותו,תמותנה,ימות,תמות,ימותו,תמותנה,מות,מותי,מותו,מותנה,למות,-1-2-101-102-,"1,2,3,4,5,6,7,8,9,10,11,12,13,28",OK,Duolingo
גוב,hiph'il,"respond, react",,מגיב,מגיבה,מגיבים,מגיבות,הגבתי,הגבנו,הגבת,הגבת,הגבתם,הגבתן,הגיב,הגיבה,הגיבו,אגיב,נגיב,תגיב,תגיבי,תגיבו,תגבנה,יגיב,תגיב,יגיבו,תגבנה,הגב,הגיבי,הגיבו,הגבנה,להגיב,-1-4-111-,"1,2,3,4,5,6,7,8,9,10,11,12,13,14,15,16,17,18,19,20,21,22,23,24,25,26,27,28",OK,Duolingo
פסד,hiph'il,lose,,מפסיד,מפסידה,מפסידים,מפסידות,הפסדתי,הפסדנו,הפסדת,הפסדת,הפסדתם,הפסדתן,הפסיד,הפסידה,הפסידו,אפסיד,נפסיד,תפסיד,תפסידי,תפסידו,תפסדנה,יפסיד,תפסיד,יפסידו,תפסדנה,הפסד,הפסידי,הפסידו,הפסדנה,להפסיד,-1-4-,,OK,Duolingo
שמש,hitpa'el,use,ב,משתמש,משתמשת,משתמשים,משתמשות,השתמשתי,השתמשנו,השתמשת,השתמשת,השתמשתם,השתמשתן,השתמש,השתמשה,השתמשו,אשתמש,נשתמש,תשתמש,תשתמשי,תשתמשו,תשתמשנה,ישתמש,תשתמש,ישתמשו,תשתמשנה,השתמש,השתמשי,השתמשו,השתמשנה,להשתמש,-1-5-125-,"1,2,3,4,5,6,7,8,9,10,11,12,13,14,15,16,17,18,19,20,21,22,23,24,25,26,27,28",OK,Duolingo
אשש,hitpa'el,recover,,מתאושש,מתאוששת,מתאוששים,מתאוששות,התאוששתי,התאוששנו,התאוששת,התאוששת,התאוששתם,התאוששתן,התאושש,התאוששה,התאוששו,אתאושש,נתאושש,תתאושש,תתאוששי,תתאוששו,תתאוששנה,יתאושש,תתאושש,יתאוששו,תתאוששנה,התאושש,התאוששי,התאוששו,התאוששנה,להתאושש,-1-5-124-,"1,2,3,4,5,6,7,8,9,10,11,12,13,14,15,16,17,18,19,20,21,22,23,24,25,26,27,28",OK,Duolingo
פגש,pa'al,meet,,פוגש,פוגשת,פוגשים,פוגשות,פגשתי,פגשנו,פגשת,פגשת,פגשתם,פגשתן,פגש,פגשה,פגשו,אפגוש,נפגוש,תפגוש,תפגשי,תפגשו,תפגושנה,יפגוש,תפגוש,יפגשו,תפגושנה,פגוש,פגשי,פגשו,פגושנה,לפגוש,-1-2-1008-,"14,15,16,19,20,21,23,24,27",OK,Duolingo
עצר,pa'al,stop,את,עוצר,עוצרת,עוצרים,עוצרות,עצרתי,עצרנו,עצרת,עצרת,עצרתם,עצרתן,עצר,עצרה,עצרו,אעצור,נעצור,תעצור,תעצרי,תעצרו,תעצורנה,יעצור,תעצור,יעצרו,תעצורנה,עצור,עצרי,עצרו,עצורנה,לעצור,-1-2-1008-,"14,15,16,19,20,21,23,24,27",OK,Duolingo
שאר,nif'al,"stay, remain",,נשאר,נשארת,נשארים,נשארות,נשארתי,נשארנו,נשארת,נשארת,נשארתם,נשארתן,נשאר,נשארה,נשארו,אשאר,נישאר,תישאר,תישארי,תישארו,תישארנה,יישאר,תישאר,יישארו,תישארנה,הישאר,הישארי,הישארו,הישארנה,להישאר,-1-8-,,OK,Duolingo
בנה,pa'al,build,,בונה,בונה,בונים,בונות,בניתי,בנינו,בנית,בנית,בניתם,בניתן,בנה,בנתה,בנו,אבנה,נבנה,תבנה,תבני,תבנו,תבנינה,יבנה,תבנה,יבנו,תבנינה,בנה,בני,בנו,בנינה,לבנות,-1-2-100-,"2,3,4,5,6,7,8,9,10,12,13,17,18,19,22,23,25,26,27,28",OK,Duolingo
גרם,nif'al,caused by,מ (thing) / על ידי (person),נגרם,נגרמת,נגרמים,נגרמות,נגרמתי,נגרמנו,נגרמת,נגרמת,נגרמתם,נגרמתן,נגרם,נגרמה,נגרמו,אגרם,ניגרם,תיגרם,תיגרמי,תיגרמו,תיגרמנה,ייגרם,תיגרם,ייגרמו,תיגרמנה,היגרם,היגרמי,היגרמו,היגרמנה,להיגרם,-1-8-,,OK,Duolingo
חמץ,hiph'il,miss,,מחמיץ,מחמיצה,מחמיצים,מחמיצות,החמצתי,החמצנו,החמצת,החמצת,החמצתם,החמצתן,החמיץ,החמיצה,החמיצו,אחמיץ,נחמיץ,תחמיץ,תחמיצי,תחמיצו,תחמצנה,יחמיץ,תחמיץ,יחמיצו,תחמצנה,החמץ,החמיצי,החמיצו,החמצנה,להחמיץ,-1-4-,,OK,Duolingo
נפל,pa'al,fall,ב (down) / על (on),נופל,נופלת,נופלים,נופלות,נפלתי,נפלנו,נפלת,נפלת,נפלתם,נפלתן,נפל,נפלה,נפלו,אפול,ניפול,תיפול,תיפלי,תיפלו,תיפולנה,ייפול,תיפול,ייפלו,תיפולנה,פול,פלי,פלו,פולנה,ליפול,-1-2-1001-1002-1008-,"14,15,16,17,18,19,20,21,22,23,24,25,26,27,28",OK,Duolingo
קפץ,pa'al,jump,,קופץ,קופצת,קופצים,קופצות,קפצתי,קפצנו,קפצת,קפצת,קפצתם,קפצתן,קפץ,קפצה,קפצו,אקפוץ,נקפוץ,תקפוץ,תקפצי,תקפצו,תקפוצנה,יקפוץ,תקפוץ,יקפצו,תקפוצנה,קפוץ,קפצי,קפצו,קפוצנה,לקפוץ,-1-2-1008-,"14,15,16,19,20,21,23,24,27",OK,Duolingo
קלח,hitpa'el,shower,,מתקלח,מתקלחת,מתקלחים,מתקלחות,התקלחתי,התקלחנו,התקלחת,התקלחת,התקלחתם,התקלחתן,התקלח,התקלחה,התקלחו,אתקלח,נתקלח,תתקלח,תתקלחי,תתקלחו,תתקלחנה,יתקלח,תתקלח,יתקלחו,תתקלחנה,התקלח,התקלחי,התקלחו,התקלחנה,להתקלח,-1-5-,,OK,Duolingo
גלח,hitpa'el,shave,,מתגלח,מתגלחת,מתגלחים,מתגלחות,התגלחתי,התגלחנו,התגלחת,התגלחת,התגלחתם,התגלחתן,התגלח,התגלחה,התגלחו,אתגלח,נתגלח,תתגלח,תתגלחי,תתגלחו,תתגלחנה,יתגלח,תתגלח,יתגלחו,תתגלחנה,התגלח,התגלחי,התגלחו,התגלחנה,להתגלח,-1-5-,,OK,Duolingo
ספר,hitpa'el,get haircut,,מסתפר,מסתפרת,מסתפרים,מסתפרות,הסתפרתי,הסתפרנו,הסתפרת,הסתפרת,הסתפרתם,הסתפרתן,הסתפר,הסתפרה,הסתפרו,אסתפר,נסתפר,תסתפר,תסתפרי,תסתפרו,תסתפרנה,יסתפר,תסתפר,יסתפרו,תסתפרנה,הסתפר,הסתפרי,הסתפרו,הסתפרנה,להסתפר,-1-5-126-,"1,2,3,4,5,6,7,8,9,10,11,12,13,14,15,16,17,18,19,20,21,22,23,24,25,26,27,28",OK,Duolingo
סכל,hitpa'el,look,על,מסתכל,מסתכלת,מסתכלים,מסתכלות,הסתכלתי,הסתכלנו,הסתכלת,הסתכלת,הסתכלתם,הסתכלתן,הסתכל,הסתכלה,הסתכלו,אסתכל,נסתכל,תסתכל,תסתכלי,תסתכלו,תסתכלנה,יסתכל,תסתכל,יסתכלו,תסתכלנה,הסתכל,הסתכלי,הסתכלו,הסתכלנה,להסתכל,-1-5-126-,"1,2,3,4,5,6,7,8,9,10,11,12,13,14,15,16,17,18,19,20,21,22,23,24,25,26,27,28",OK,Duolingo
קשר,hitpa'el,call,אל / ל,מתקשר,מתקשרת,מתקשרים,מתקשרות,התקשרתי,התקשרנו,התקשרת,התקשרת,התקשרתם,התקשרתן,התקשר,התקשרה,התקשרו,אתקשר,נתקשר,תתקשר,תתקשרי,תתקשרו,תתקשרנה,יתקשר,תתקשר,יתקשרו,תתקשרנה,התקשר,התקשרי,התקשרו,התקשרנה,להתקשר,-1-5-,,OK,Duolingo
חזק,hitpa'el,get stronger,,מתחזק,מתחזקת,מתחזקים,מתחזקות,התחזקתי,התחזקנו,התחזקת,התחזקת,התחזקתם,התחזקתן,התחזק,התחזקה,התחזקו,אתחזק,נתחזק,תתחזק,תתחזקי,תתחזקו,תתחזקנה,יתחזק,תתחזק,יתחזקו,תתחזקנה,התחזק,התחזקי,התחזקו,התחזקנה,להתחזק,-1-5-,,OK,Duolingo
אמן,hitpa'el,"train, practice",,מתאמן,מתאמנת,מתאמנים,מתאמנות,התאמנתי,התאמנו,התאמנת,התאמנת,התאמנתם,התאמנתן,התאמן,התאמנה,התאמנו,אתאמן,נתאמן,תתאמן,תתאמני,תתאמנו,תתאמנה,יתאמן,תתאמן,יתאמנו,תתאמנה,התאמן,התאמני,התאמנו,התאמנה,להתאמן,-1-5-129-,"6,19,23,27",OK,Duolingo
קרב,hitpa'el,get closer,,מתקרב,מתקרבת,מתקרבים,מתקרבות,התקרבתי,התקרבנו,התקרבת,התקרבת,התקרבתם,התקרבתן,התקרב,התקרבה,התקרבו,אתקרב,נתקרב,תתקרב,תתקרבי,תתקרבו,תתקרבנה,יתקרב,תתקרב,יתקרבו,תתקרבנה,התקרב,התקרבי,התקרבו,התקרבנה,להתקרב,-1-5-,,OK,Duolingo
חנך,hitpa'el,get educated,,מתחנך,מתחנכת,מתחנכים,מתחנכות,התחנכתי,התחנכנו,התחנכת,התחנכת,התחנכתם,התחנכתן,התחנך,התחנכה,התחנכו,אתחנך,נתחנך,תתחנך,תתחנכי,תתחנכו,תתחנכנה,יתחנך,תתחנך,יתחנכו,תתחנכנה,התחנך,התחנכי,התחנכו,התחנכנה,להתחנך,-1-5-,,OK,Duolingo
חנן,hitpa'el,beg,,מתחנן,מתחננת,מתחננים,מתחננות,התחננתי,התחננו,התחננת,התחננת,התחננתם,התחננתן,התחנן,התחננה,התחננו,אתחנן,נתחנן,תתחנן,תתחנני,תתחננו,תתחננה,יתחנן,תתחנן,יתחננו,תתחננה,התחנן,התחנני,התחננו,התחננה,להתחנן,-1-5-124-129-1016-,"1,2,3,4,5,6,7,8,9,10,11,12,13,14,15,16,17,18,19,20,21,22,23,24,25,26,27,28",OK,Duolingo
גבר,hitpa'el,overcome,על,מתגבר,מתגברת,מתגברים,מתגברות,התגברתי,התגברנו,התגברת,התגברת,התגברתם,התגברתן,התגבר,התגברה,התגברו,אתגבר,נתגבר,תתגבר,תתגברי,תתגברו,תתגברנה,יתגבר,תתגבר,יתגברו,תתגברנה,התגבר,התגברי,התגברו,התגברנה,להתגבר,-1-5-,,OK,Duolingo
סים,hitpa'el,end,,מסתיים,מסתיימת,מסתיימים,מסתיימות,הסתיימתי,הסתיימנו,הסתיימת,הסתיימת,הסתיימתם,הסתיימתן,הסתיים,הסתיימה,הסתיימו,אסתיים,נסתיים,תסתיים,תסתיימי,תסתיימו,תסתיימנה,יסתיים,תסתיים,יסתיימו,תסתיימנה,הסתיים,הסתיימי,הסתיימו,הסתיימנה,להסתיים,-1-5-126-130-,"1,2,3,4,5,6,7,8,9,10,11,12,13,14,15,16,17,18,19,20,21,22,23,24,25,26,27,28",OK,Duolingo
געגע,hitpa'el,miss,ל,מתגעגע,מתגעגעת,מתגעגעים,מתגעגעות,התגעגעתי,התגעגענו,התגעגעת,התגעגעת,התגעגעתם,התגעגעתן,התגעגע,התגעגעה,התגעגעו,אתגעגע,נתגעגע,תתגעגע,תתגעגעי,תתגעגעו,תתגעגענה,יתגעגע,תתגעגע,יתגעגעו,תתגעגענה,התגעגע,התגעגעי,התגעגעו,התגעגענה,להתגעגע,-1-5-,,OK,Duolingo
סבב,hitpa'el,turn around,,מסתובב,מסתובבת,מסתובבים,מסתובבות,הסתובבתי,הסתובבנו,הסתובבת,הסתובבת,הסתובבתם,הסתובבתן,הסתובב,הסתובבה,הסתובבו,אסתובב,נסתובב,תסתובב,תסתובבי,תסתובבו,תסתובבנה,יסתובב,תסתובב,יסתובבו,תסתובבנה,הסתובב,הסתובבי,הסתובבו,הסתובבנה,להסתובב,-1-5-124-126-1015-,"1,2,3,4,5,6,7,8,9,10,11,12,13,14,15,16,17,18,19,20,21,22,23,24,25,26,27,28",OK,Duolingo
קרר,hitpa'el,get cool,,מתקרר,מתקררת,מתקררים,מתקררות,התקררתי,התקררנו,התקררת,התקררת,התקררתם,התקררתן,התקרר,התקררה,התקררו,אתקרר,נתקרר,תתקרר,תתקררי,תתקררו,תתקררנה,יתקרר,תתקרר,יתקררו,תתקררנה,התקרר,התקררי,התקררו,התקררנה,להתקרר,-1-5-124-1016-,"1,2,3,4,5,6,7,8,9,10,11,12,13,14,15,16,17,18,19,20,21,22,23,24,25,26,27,28",OK,Duolingo
חמם,hitpa'el,get hot,,מתחמם,מתחממת,מתחממים,מתחממות,התחממתי,התחממנו,התחממת,התחממת,התחממתם,התחממתן,התחמם,התחממה,התחממו,אתחמם,נתחמם,תתחמם,תתחממי,תתחממו,תתחממנה,יתחמם,תתחמם,יתחממו,תתחממנה,התחמם,התחממי,התחממו,התחממנה,להתחמם,-1-5-124-1016-,"1,2,3,4,5,6,7,8,9,10,11,12,13,14,15,16,17,18,19,20,21,22,23,24,25,26,27,28",OK,Duolingo
זקן,hitpa'el,get old,,מזדקן,מזדקנת,מזדקנים,מזדקנות,הזדקנתי,הזדקנו,הזדקנת,הזדקנת,הזדקנתם,הזדקנתן,הזדקן,הזדקנה,הזדקנו,אזדקן,נזדקן,תזדקן,תזדקני,תזדקנו,תזדקנה,יזדקן,תזדקן,יזדקנו,תזדקנה,הזדקן,הזדקני,הזדקנו,הזדקנה,להזדקן,-1-5-127-129-,"1,2,3,4,5,6,7,8,9,10,11,12,13,14,15,16,17,18,19,20,21,22,23,24,25,26,27,28",OK,Duolingo
חבא,hitpa'el,hide,מ (thing) / על ידי (person),מתחבא,מתחבאת,מתחבאים,מתחבאות,התחבאתי,התחבאנו,התחבאת,התחבאת,התחבאתם,התחבאתן,התחבא,התחבאה,התחבאו,אתחבא,נתחבא,תתחבא,תתחבאי,תתחבאו,תתחבאנה,יתחבא,תתחבא,יתחבאו,תתחבאנה,התחבא,התחבאי,התחבאו,התחבאנה,להתחבא,-1-5-,,OK,Duolingo
שכר,hitpa'el,get drunk,,משתכר,משתכרת,משתכרים,משתכרות,השתכרתי,השתכרנו,השתכרת,השתכרת,השתכרתם,השתכרתן,השתכר,השתכרה,השתכרו,אשתכר,נשתכר,תשתכר,תשתכרי,תשתכרו,תשתכרנה,ישתכר,תשתכר,ישתכרו,תשתכרנה,השתכר,השתכרי,השתכרו,השתכרנה,להשתכר,-1-5-125-,"1,2,3,4,5,6,7,8,9,10,11,12,13,14,15,16,17,18,19,20,21,22,23,24,25,26,27,28",OK,Duolingo
שנה,hitpa'el,change oneself,,משתנה,משתנה,משתנים,משתנות,השתניתי,השתנינו,השתנית,השתנית,השתניתם,השתניתן,השתנה,השתנתה,השתנו,אשתנה,נשתנה,תשתנה,תשתני,תשתנו,תשתנינה,ישתנה,תשתנה,ישתנו,תשתנינה,השתנה,השתני,השתנו,השתנינה,להשתנות,-1-5-100-125-132-,"1,2,3,4,5,6,7,8,9,10,11,12,13,14,15,16,17,18,19,20,21,22,23,24,25,26,27,28",OK,Duolingo
אחד,hitpa'el,unite,,מתאחד,מתאחדת,מתאחדים,מתאחדות,התאחדתי,התאחדנו,התאחדת,התאחדת,התאחדתם,התאחדתן,התאחד,התאחדה,התאחדו,אתאחד,נתאחד,תתאחד,תתאחדי,תתאחדו,תתאחדנה,יתאחד,תתאחד,יתאחדו,תתאחדנה,התאחד,התאחדי,התאחדו,התאחדנה,להתאחד,-1-5-,,OK,Duolingo
חבר,hitpa'el,connect,ל,מתחבר,מתחברת,מתחברים,מתחברות,התחברתי,התחברנו,התחברת,התחברת,התחברתם,התחברתן,התחבר,התחברה,התחברו,אתחבר,נתחבר,תתחבר,תתחברי,תתחברו,תתחברנה,יתחבר,תתחבר,יתחברו,תתחברנה,התחבר,התחברי,התחברו,התחברנה,להתחבר,-1-5-,,OK,Duolingo
נתק,hitpa'el,disconnect,מ (thing) / על ידי (person),מתנתק,מתנתקת,מתנתקים,מתנתקות,התנתקתי,התנתקנו,התנתקת,התנתקת,התנתקתם,התנתקתן,התנתק,התנתקה,התנתקו,אתנתק,נתנתק,תתנתק,תתנתקי,תתנתקו,תתנתקנה,יתנתק,תתנתק,יתנתקו,תתנתקנה,התנתק,התנתקי,התנתקו,התנתקנה,להתנתק,-1-5-,,OK,Duolingo
יעצ,hitpa'el,consult with,עם,מתייעץ,מתייעצת,מתייעצים,מתייעצות,התייעצתי,התייעצנו,התייעצת,התייעצת,התייעצתם,התייעצתן,התייעץ,התייעצה,התייעצו,אתייעץ,נתייעץ,תתייעץ,תתייעצי,תתייעצו,תתייעצנה,יתייעץ,תתייעץ,יתייעצו,תתייעצנה,התייעץ,התייעצי,התייעצו,התייעצנה,להתייעץ,-1-5-131-,"1,2,3,4,5,6,7,8,9,10,11,12,13,14,15,16,17,18,19,20,21,22,23,24,25,26,27,28",OK,Duolingo
כון,hitpa'el,prepare,ל,מתכונן,מתכוננת,מתכוננים,מתכוננות,התכוננתי,התכוננו,התכוננת,התכוננת,התכוננתם,התכוננתן,התכונן,התכוננה,התכוננו,אתכונן,נתכונן,תתכונן,תתכונני,תתכוננו,תתכוננה,יתכונן,תתכונן,יתכוננו,תתכוננה,התכונן,התכונני,התכוננו,התכוננה,להתכונן,-1-5-129-1017-,"1,2,3,4,5,6,7,8,9,10,11,12,13,14,15,16,17,18,19,20,21,22,23,24,25,26,27,28",OK,Duolingo
צרף,hitpa'el,join,"אל, ל",מצטרף,מצטרפת,מצטרפים,מצטרפות,הצטרפתי,הצטרפנו,הצטרפת,הצטרפת,הצטרפתם,הצטרפתן,הצטרף,הצטרפה,הצטרפו,אצטרף,נצטרף,תצטרף,תצטרפי,תצטרפו,תצטרפנה,יצטרף,תצטרף,יצטרפו,תצטרפנה,הצטרף,הצטרפי,הצטרפו,הצטרפנה,להצטרף,-1-5-128-,"1,2,3,4,5,6,7,8,9,10,11,12,13,14,15,16,17,18,19,20,21,22,23,24,25,26,27,28",OK,Duolingo
מדד,hitpa'el,cope,עם,מתמודד,מתמודדת,מתמודדים,מתמודדות,התמודדתי,התמודדנו,התמודדת,התמודדת,התמודדתם,התמודדתן,התמודד,התמודדה,התמודדו,אתמודד,נתמודד,תתמודד,תתמודדי,תתמודדו,תתמודדנה,יתמודד,תתמודד,יתמודדו,תתמודדנה,התמודד,התמודדי,התמודדו,התמודדנה,להתמודד,-1-5-124-,"1,2,3,4,5,6,7,8,9,10,11,12,13,14,15,16,17,18,19,20,21,22,23,24,25,26,27,28",OK,Duolingo
עלם,hitpa'el,ignore,מ (thing) / על ידי (person),מתעלם,מתעלמת,מתעלמים,מתעלמות,התעלמתי,התעלמנו,התעלמת,התעלמת,התעלמתם,התעלמתן,התעלם,התעלמה,התעלמו,אתעלם,נתעלם,תתעלם,תתעלמי,תתעלמו,תתעלמנה,יתעלם,תתעלם,יתעלמו,תתעלמנה,התעלם,התעלמי,התעלמו,התעלמנה,להתעלם,-1-5-,,OK,Duolingo
פלל,hitpa'el,pray,,מתפלל,מתפללת,מתפללים,מתפללות,התפללתי,התפללנו,התפללת,התפללת,התפללתם,התפללתן,התפלל,התפללה,התפללו,אתפלל,נתפלל,תתפלל,תתפללי,תתפללו,תתפללנה,יתפלל,תתפלל,יתפללו,תתפללנה,התפלל,התפללי,התפללו,התפללנה,להתפלל,-1-5-124-1016-,"1,2,3,4,5,6,7,8,9,10,11,12,13,14,15,16,17,18,19,20,21,22,23,24,25,26,27,28",OK,Duolingo
נצל,hitpa'el,apologize,על,מתנצל,מתנצלת,מתנצלים,מתנצלות,התנצלתי,התנצלנו,התנצלת,התנצלת,התנצלתם,התנצלתן,התנצל,התנצלה,התנצלו,אתנצל,נתנצל,תתנצל,תתנצלי,תתנצלו,תתנצלנה,יתנצל,תתנצל,יתנצלו,תתנצלנה,התנצל,התנצלי,התנצלו,התנצלנה,להתנצל,-1-5-,,OK,Duolingo
בלבל,hitpa'el,get confused,,מתבלבל,מתבלבלת,מתבלבלים,מתבלבלות,התבלבלתי,התבלבלנו,התבלבלת,התבלבלת,התבלבלתם,התבלבלתן,התבלבל,התבלבלה,התבלבלו,אתבלבל,נתבלבל,תתבלבל,תתבלבלי,תתבלבלו,תתבלבלנה,יתבלבל,תתבלבל,יתבלבלו,תתבלבלנה,התבלבל,התבלבלי,התבלבלו,התבלבלנה,להתבלבל,-1-5-,,OK,Duolingo
עמל,hitpa'el,exercise,,מתעמל,מתעמלת,מתעמלים,מתעמלות,התעמלתי,התעמלנו,התעמלת,התעמלת,התעמלתם,התעמלתן,התעמל,התעמלה,התעמלו,אתעמל,נתעמל,תתעמל,תתעמלי,תתעמלו,תתעמלנה,יתעמל,תתעמל,יתעמלו,תתעמלנה,התעמל,התעמלי,התעמלו,התעמלנה,להתעמל,-1-5-,,OK,Duolingo
בחר,pa'al,choose,ב,בוחר,בוחרת,בוחרים,בוחרות,בחרתי,בחרנו,בחרת,בחרת,בחרתם,בחרתן,בחר,בחרה,בחרו,אבחר,נבחר,תבחר,תבחרי,תבחרו,תבחרנה,יבחר,תבחר,יבחרו,תבחרנה,בחר,בחרי,בחרו,בחרנה,לבחור,-1-2-,,OK,Duolingo
ראה,nif'al,looks,,נראה,נראית,נראים,נראות,נראיתי,נראינו,נראית,נראית,נראיתם,נראיתן,נראה,נראתה,נראו,איראה,ניראה,תיראה,תיראי,תיראו,תיראינה,ייראה,תיראה,ייראו,תיראינה,היראה,היראי,היראו,היראינה,להיראות,-1-8-116-119-,"2,3,4,5,6,7,8,9,10,12,13,14,17,18,19,22,23,25,26,27,28",OK,Duolingo
כשל,nif'al,fail,,נכשל,נכשלת,נכשלים,נכשלות,נכשלתי,נכשלנו,נכשלת,נכשלת,נכשלתם,נכשלתן,נכשל,נכשלה,נכשלו,אכשל,ניכשל,תיכשל,תיכשלי,תיכשלו,תיכשלנה,ייכשל,תיכשל,ייכשלו,תיכשלנה,היכשל,היכשלי,היכשלו,היכשלנה,להיכשל,-1-8-,,OK,Duolingo
גמר,nif'al,end,,נגמר,נגמרת,נגמרים,נגמרות,נגמרתי,נגמרנו,נגמרת,נגמרת,נגמרתם,נגמרתן,נגמר,נגמרה,נגמרו,אגמר,ניגמר,תיגמר,תיגמרי,תיגמרו,תיגמרנה,ייגמר,תיגמר,ייגמרו,תיגמרנה,היגמר,היגמרי,היגמרו,היגמרנה,להיגמר,-1-8-,,OK,Duolingo
כנס,nif'al,enter,ל,נכנס,נכנסת,נכנסים,נכנסות,נכנסתי,נכנסנו,נכנסת,נכנסת,נכנסתם,נכנסתן,נכנס,נכנסה,נכנסו,אכנס,ניכנס,תיכנס,תיכנסי,תיכנסו,תיכנסנה,ייכנס,תיכנס,ייכנסו,תיכנסנה,היכנס,היכנסי,היכנסו,היכנסנה,להיכנס,-1-8-,,OK,Duolingo
שמע,nif'al,heard,,נשמע,נשמעת,נשמעים,נשמעות,נשמעתי,נשמענו,נשמעת,נשמעת,נשמעתם,נשמעתן,נשמע,נשמעה,נשמעו,אשמע,נישמע,תישמע,תישמעי,תישמעו,תישמענה,יישמע,תישמע,יישמעו,תישמענה,הישמע,הישמעי,הישמעו,הישמענה,להישמע,-1-8-,,OK,Duolingo
סגר,nif'al,closed,,נסגר,נסגרת,נסגרים,נסגרות,נסגרתי,נסגרנו,נסגרת,נסגרת,נסגרתם,נסגרתן,נסגר,נסגרה,נסגרו,אסגר,ניסגר,תיסגר,תיסגרי,תיסגרו,תיסגרנה,ייסגר,תיסגר,ייסגרו,תיסגרנה,היסגר,היסגרי,היסגרו,היסגרנה,להיסגר,-1-8-,,OK,Duolingo
פתח,nif'al,is opened,,נפתח,נפתחת,נפתחים,נפתחות,נפתחתי,נפתחנו,נפתחת,נפתחת,נפתחתם,נפתחתן,נפתח,נפתחה,נפתחו,אפתח,ניפתח,תיפתח,תיפתחי,תיפתחו,תיפתחנה,ייפתח,תיפתח,ייפתחו,תיפתחנה,היפתח,היפתחי,היפתחו,היפתחנה,להיפתח,-1-8-,,OK,Duolingo
אכל,nif'al,eaten,,נאכל,נאכלת,נאכלים,נאכלות,נאכלתי,נאכלנו,נאכלת,נאכלת,נאכלתם,נאכלתן,נאכל,נאכלה,נאכלו,איאכל,ניאכל,תיאכל,תיאכלי,תיאכלו,תיאכלנה,ייאכל,תיאכל,ייאכלו,תיאכלנה,היאכל,היאכלי,היאכלו,היאכלנה,להיאכל,-1-8-117-,14,OK,Duolingo
כתב,nif'al,written,,נכתב,נכתבת,נכתבים,נכתבות,נכתבתי,נכתבנו,נכתבת,נכתבת,נכתבתם,נכתבתן,נכתב,נכתבה,נכתבו,אכתב,ניכתב,תיכתב,תיכתבי,תיכתבו,תיכתבנה,ייכתב,תיכתב,ייכתבו,תיכתבנה,היכתב,היכתבי,היכתבו,היכתבנה,להיכתב,-1-8-,,OK,Duolingo
קרא,nif'al,"read, called",,נקרא,נקראת,נקראים,נקראות,נקראתי,נקראנו,נקראת,נקראת,נקראתם,נקראתן,נקרא,נקראה,נקראו,אקרא,ניקרא,תיקרא,תיקראי,תיקראו,תיקראנה,ייקרא,תיקרא,ייקראו,תיקראנה,היקרא,היקראי,היקראו,היקראנה,להיקרא,-1-8-,,OK,Duolingo
פגש,nif'al,met,עם,נפגש,נפגשת,נפגשים,נפגשות,נפגשתי,נפגשנו,נפגשת,נפגשת,נפגשתם,נפגשתן,נפגש,נפגשה,נפגשו,אפגש,ניפגש,תיפגש,תיפגשי,תיפגשו,תיפגשנה,ייפגש,תיפגש,ייפגשו,תיפגשנה,היפגש,היפגשי,היפגשו,היפגשנה,להיפגש,-1-8-,,OK,Duolingo
שאל,nif'al,asked,את,נשאל,נשאלת,נשאלים,נשאלות,נשאלתי,נשאלנו,נשאלת,נשאלת,נשאלתם,נשאלתן,נשאל,נשאלה,נשאלו,אשאל,נישאל,תישאל,תישאלי,תישאלו,תישאלנה,יישאל,תישאל,יישאלו,תישאלנה,הישאל,הישאלי,הישאלו,הישאלנה,להישאל,-1-8-,,OK,Duolingo
עשה,nif'al,done,,נעשה,נעשית,נעשים,נעשות,נעשיתי,נעשינו,נעשית,נעשית,נעשיתם,נעשיתן,נעשה,נעשתה,נעשו,איעשה,ניעשה,תיעשה,תיעשי,תיעשו,תיעשינה,ייעשה,תיעשה,ייעשו,תיעשינה,היעשה,היעשי,היעשו,היעשינה,להיעשות,-1-8-116-118-,"2,3,4,5,6,7,8,9,10,12,13,14,17,18,19,22,23,25,26,27,28",OK,Duolingo
נתן,nif'al,given,,ניתן,ניתנת,ניתנים,ניתנות,ניתנתי,ניתנו,ניתנת,ניתנת,ניתנתם,ניתנתן,ניתן,ניתנה,ניתנו,אנתן,נינתן,תינתן,תינתני,תינתנו,תינתנה,יינתן,תינתן,יינתנו,תינתנה,הינתן,הינתני,הינתנו,הינתנה,להינתן,-1-8-122-123-,"1,2,3,4,5,6,7,8,9,10,11,12,13,19,23,27",OK,Duolingo
עלם,nif'al,disappear,,נעלם,נעלמת,נעלמים,נעלמות,נעלמתי,נעלמנו,נעלמת,נעלמת,נעלמתם,נעלמתן,נעלם,נעלמה,נעלמו,איעלם,ניעלם,תיעלם,תיעלמי,תיעלמו,תיעלמנה,ייעלם,תיעלם,ייעלמו,תיעלמנה,היעלם,היעלמי,היעלמו,היעלמנה,להיעלם,-1-8-118-,14,OK,Duolingo
פרד,nif'al,"break up, part",מ,נפרד,נפרדת,נפרדים,נפרדות,נפרדתי,נפרדנו,נפרדת,נפרדת,נפרדתם,נפרדתן,נפרד,נפרדה,נפרדו,אפרד,ניפרד,תיפרד,תיפרדי,תיפרדו,תיפרדנה,ייפרד,תיפרד,ייפרדו,תיפרדנה,היפרד,היפרדי,היפרדו,היפרדנה,להיפרד,-1-8-,,OK,Duolingo
שרף,nif'al,burnt,מ,נשרף,נשרפת,נשרפים,נשרפות,נשרפתי,נשרפנו,נשרפת,נשרפת,נשרפתם,נשרפתן,נשרף,נשרפה,נשרפו,אשרף,נישרף,תישרף,תישרפי,תישרפו,תישרפנה,יישרף,תישרף,יישרפו,תישרפנה,הישרף,הישרפי,הישרפו,הישרפנה,להישרף,-1-8-,,OK,Duolingo
שלח,nif'al,sent,,נשלח,נשלחת,נשלחים,נשלחות,נשלחתי,נשלחנו,נשלחת,נשלחת,נשלחתם,נשלחתן,נשלח,נשלחה,נשלחו,אשלח,נישלח,תישלח,תישלחי,תישלחו,תישלחנה,יישלח,תישלח,יישלחו,תישלחנה,הישלח,הישלחי,הישלחו,הישלחנה,להישלח,-1-8-,,OK,Duolingo
פגע,nif'al,hurt,מ,נפגע,נפגעת,נפגעים,נפגעות,נפגעתי,נפגענו,נפגעת,נפגעת,נפגעתם,נפגעתן,נפגע,נפגעה,נפגעו,אפגע,ניפגע,תיפגע,תיפגעי,תיפגעו,תיפגענה,ייפגע,תיפגע,ייפגעו,תיפגענה,היפגע,היפגעי,היפגעו,היפגענה,להיפגע,-1-8-,,OK,Duolingo
אמר,nif'al,said,,נאמר,נאמרת,נאמרים,נאמרות,נאמרתי,נאמרנו,נאמרת,נאמרת,נאמרתם,נאמרתן,נאמר,נאמרה,נאמרו,איאמר,ניאמר,תיאמר,תיאמרי,תיאמרו,תיאמרנה,ייאמר,תיאמר,ייאמרו,תיאמרנה,היאמר,היאמרי,היאמרו,היאמרנה,להיאמר,-1-8-117-,14,OK,Duolingo
הנה,nif'al,"have fun, enjoy",מ / inf,נהנה,נהנית,נהנים,נהנות,נהניתי,נהנינו,נהנית,נהנית,נהניתם,נהניתן,נהנה,נהנתה,נהנו,איהנה,ניהנה,תיהנה,תיהני,תיהנו,תיהנינה,ייהנה,תיהנה,ייהנו,תיהנינה,היהנה,היהני,היהנו,היהנינה,ליהנות,-1-8-116-120-1018-,"2,3,4,5,6,7,8,9,10,12,13,14,17,18,19,22,23,25,26,27,28",OK,Duolingo
פצץ,hitpa'el,explode,,מתפוצץ,מתפוצצת,מתפוצצים,מתפוצצות,התפוצצתי,התפוצצנו,התפוצצת,התפוצצת,התפוצצתם,התפוצצתן,התפוצץ,התפוצצה,התפוצצו,אתפוצץ,נתפוצץ,תתפוצץ,תתפוצצי,תתפוצצו,תתפוצצנה,יתפוצץ,תתפוצץ,יתפוצצו,תתפוצצנה,התפוצץ,התפוצצי,התפוצצו,התפוצצנה,להתפוצץ,-1-5-124-,"1,2,3,4,5,6,7,8,9,10,11,12,13,14,15,16,17,18,19,20,21,22,23,24,25,26,27,28",OK,Duolingo
חתן,hitpa'el,get married,עם,מתחתן,מתחתנת,מתחתנים,מתחתנות,התחתנתי,התחתנו,התחתנת,התחתנת,התחתנתם,התחתנתן,התחתן,התחתנה,התחתנו,אתחתן,נתחתן,תתחתן,תתחתני,תתחתנו,תתחתנה,יתחתן,תתחתן,יתחתנו,תתחתנה,התחתן,התחתני,התחתנו,התחתנה,להתחתן,-1-5-129-,"6,19,23,27",OK,Duolingo
לון,hitpa'el,complain,,מתלונן,מתלוננת,מתלוננים,מתלוננות,התלוננתי,התלוננו,התלוננת,התלוננת,התלוננתם,התלוננתן,התלונן,התלוננה,התלוננו,אתלונן,נתלונן,תתלונן,תתלונני,תתלוננו,תתלוננה,יתלונן,תתלונן,יתלוננו,תתלוננה,התלונן,התלונני,התלוננו,התלוננה,להתלונן,-1-5-129-1017-,"1,2,3,4,5,6,7,8,9,10,11,12,13,14,15,16,17,18,19,20,21,22,23,24,25,26,27,28",OK,Duolingo
פשט,hitpa'el,get undressed,,מתפשט,מתפשטת,מתפשטים,מתפשטות,התפשטתי,התפשטנו,התפשטת,התפשטת,התפשטתם,התפשטתן,התפשט,התפשטה,התפשטו,אתפשט,נתפשט,תתפשט,תתפשטי,תתפשטו,תתפשטנה,יתפשט,תתפשט,יתפשטו,תתפשטנה,התפשט,התפשטי,התפשטו,התפשטנה,להתפשט,-1-5-,,OK,Duolingo
רחץ,hitpa'el,"wash oneself, bathe",,מתרחץ,מתרחצת,מתרחצים,מתרחצות,התרחצתי,התרחצנו,התרחצת,התרחצת,התרחצתם,התרחצתן,התרחץ,התרחצה,התרחצו,אתרחץ,נתרחץ,תתרחץ,תתרחצי,תתרחצו,תתרחצנה,יתרחץ,תתרחץ,יתרחצו,תתרחצנה,התרחץ,התרחצי,התרחצו,התרחצנה,להתרחץ,-1-5-,,OK,Duolingo
פסק,hiph'il,stop,,מפסיק,מפסיקה,מפסיקים,מפסיקות,הפסקתי,הפסקנו,הפסקת,הפסקת,הפסקתם,הפסקתן,הפסיק,הפסיקה,הפסיקו,אפסיק,נפסיק,תפסיק,תפסיקי,תפסיקו,תפסקנה,יפסיק,תפסיק,יפסיקו,תפסקנה,הפסק,הפסיקי,הפסיקו,הפסקנה,להפסיק,-1-4-,,OK,Duolingo
נדב,hitpa'el,volunteer,,מתנדב,מתנדבת,מתנדבים,מתנדבות,התנדבתי,התנדבנו,התנדבת,התנדבת,התנדבתם,התנדבתן,התנדב,התנדבה,התנדבו,אתנדב,נתנדב,תתנדב,תתנדבי,תתנדבו,תתנדבנה,יתנדב,תתנדב,יתנדבו,תתנדבנה,התנדב,התנדבי,התנדבו,התנדבנה,להתנדב,-1-5-,,OK,Duolingo
עלל,hitpa'el,abuse,,מתעלל,מתעללת,מתעללים,מתעללות,התעללתי,התעללנו,התעללת,התעללת,התעללתם,התעללתן,התעלל,התעללה,התעללו,אתעלל,נתעלל,תתעלל,תתעללי,תתעללו,תתעללנה,יתעלל,תתעלל,יתעללו,תתעללנה,התעלל,התעללי,התעללו,התעללנה,להתעלל,-1-5-124-1016-,"1,2,3,4,5,6,7,8,9,10,11,12,13,14,15,16,17,18,19,20,21,22,23,24,25,26,27,28",OK,Duolingo
ירד,pa'al,go down,,יורד,יורדת,יורדים,יורדות,ירדתי,ירדנו,ירדת,ירדת,ירדתם,ירדתן,ירד,ירדה,ירדו,ארד,נרד,תרד,תרדי,תרדו,תרדנה,ירד,תרד,ירדו,תרדנה,רד,רדי,רדו,רדנה,לרדת,-1-2-1000-,"14,15,16,17,18,19,20,21,22,23,24,25,26,27,28",OK,Duolingo
צער,hitpa'el,be sorry,,מצטער,מצטערת,מצטערים,מצטערות,הצטערתי,הצטערנו,הצטערת,הצטערת,הצטערתם,הצטערתן,הצטער,הצטערה,הצטערו,אצטער,נצטער,תצטער,תצטערי,תצטערו,תצטערנה,יצטער,תצטער,יצטערו,תצטערנה,הצטער,הצטערי,הצטערו,הצטערנה,להצטער,-1-5-128-,"1,2,3,4,5,6,7,8,9,10,11,12,13,14,15,16,17,18,19,20,21,22,23,24,25,26,27,28",OK,Duolingo
עלב,nif'al,get offended,,נעלב,נעלבת,נעלבים,נעלבות,נעלבתי,נעלבנו,נעלבת,נעלבת,נעלבתם,נעלבתן,נעלב,נעלבה,נעלבו,איעלב,ניעלב,תיעלב,תיעלבי,תיעלבו,תיעלבנה,ייעלב,תיעלב,ייעלבו,תיעלבנה,היעלב,היעלבי,היעלבו,היעלבנה,להיעלב,-1-8-118-,14,OK,Duolingo
נשק,pi'el,kiss,את,מנשק,מנשקת,מנשקים,מנשקות,נישקתי,נישקנו,נישקת,נישקת,נישקתם,נישקתן,נישק,נישקה,נישקו,אנשק,ננשק,תנשק,תנשקי,תנשקו,תנשקנה,ינשק,תנשק,ינשקו,תנשקנה,נשק,נשקי,נשקו,נשקנה,לנשק,-1-3-,,OK,Duolingo
חבק,pi'el,hug,את,מחבק,מחבקת,מחבקים,מחבקות,חיבקתי,חיבקנו,חיבקת,חיבקת,חיבקתם,חיבקתן,חיבק,חיבקה,חיבקו,אחבק,נחבק,תחבק,תחבקי,תחבקו,תחבקנה,יחבק,תחבק,יחבקו,תחבקנה,חבק,חבקי,חבקו,חבקנה,לחבק,-1-3-,,OK,Duolingo
נחם,pi'el,comfort,,מנחם,מנחמת,מנחמים,מנחמות,ניחמתי,ניחמנו,ניחמת,ניחמת,ניחמתם,ניחמתן,ניחם,ניחמה,ניחמו,אנחם,ננחם,תנחם,תנחמי,תנחמו,תנחמנה,ינחם,תנחם,ינחמו,תנחמנה,נחם,נחמי,נחמו,נחמנה,לנחם,-1-3-,,OK,Duolingo
בכה,pa'al,cry,,בוכה,בוכה,בוכים,בוכות,בכיתי,בכינו,בכית,בכית,בכיתם,בכיתן,בכה,בכתה,בכו,אבכה,נבכה,תבכה,תבכי,תבכו,תבכינה,יבכה,תבכה,יבכו,תבכינה,בכה,בכי,בכו,בכינה,לבכות,-1-2-100-,"2,3,4,5,6,7,8,9,10,12,13,17,18,19,22,23,25,26,27,28",OK,Duolingo
להב,hitpa'el,"enthusiastic, excited",מ,מתלהב,מתלהבת,מתלהבים,מתלהבות,התלהבתי,התלהבנו,התלהבת,התלהבת,התלהבתם,התלהבתן,התלהב,התלהבה,התלהבו,אתלהב,נתלהב,תתלהב,תתלהבי,תתלהבו,תתלהבנה,יתלהב,תתלהב,יתלהבו,תתלהבנה,התלהב,התלהבי,התלהבו,התלהבנה,להתלהב,-1-5-,,OK,Duolingo
ערץ,hiph'il,"adore, admire",,מעריץ,מעריצה,מעריצים,מעריצות,הערצתי,הערצנו,הערצת,הערצת,הערצתם,הערצתן,העריץ,העריצה,העריצו,אעריץ,נעריץ,תעריץ,תעריצי,תעריצו,תערצנה,יעריץ,תעריץ,יעריצו,תערצנה,הערץ,העריצי,העריצו,הערצנה,להעריץ,-1-4-,,OK,Duolingo
בשל,pu'al,cooked,,מבושל,מבושלת,מבושלים,מבושלות,בושלתי,בושלנו,בושלת,בושלת,בושלתם,בושלתן,בושל,בושלה,בושלו,אבושל,נבושל,תבושל,תבושלי,תבושלו,תבושלנה,יבושל,תבושל,יבושלו,תבושלנה,,,,,,-1-7-,,OK,Duolingo
קבל,hiph'il,"parallel, equivalent",ל,מקביל,מקבילה,מקבילים,מקבילות,הקבלתי,הקבלנו,הקבלת,הקבלת,הקבלתם,הקבלתן,הקביל,הקבילה,הקבילו,אקביל,נקביל,תקביל,תקבילי,תקבילו,תקבלנה,יקביל,תקביל,יקבילו,תקבלנה,הקבל,הקבילי,הקבילו,הקבלנה,להקביל,-1-4-,,OK,Duolingo
נסה,pu'al,is tried,,מנוסה,מנוסה,מנוסים,מנוסות,נוסיתי,נוסינו,נוסית,נוסית,נוסיתם,נוסיתן,נוסה,נוסתה,נוסו,אנוסה,ננוסה,תנוסה,תנוסי,תנוסו,תנוסינה,ינוסה,תנוסה,ינוסו,תנוסינה,,,,,,-1-7-100-,"2,3,4,5,6,7,8,9,10,12,13,17,18,19,22,23,25,26,27,28",OK,Duolingo
ערבב,pu'al,is mixed,,מעורבב,מעורבבת,מעורבבים,מעורבבות,עורבבתי,עורבבנו,עורבבת,עורבבת,עורבבתם,עורבבתן,עורבב,עורבבה,עורבבו,אעורבב,נעורבב,תעורבב,תעורבבי,תעורבבו,תעורבבנה,יעורבב,תעורבב,יעורבבו,תעורבבנה,,,,,,-1-7-,,OK,Duolingo
בזבז,pu'al,is wasted,,מבוזבז,מבוזבזת,מבוזבזים,מבוזבזות,בוזבזתי,בוזבזנו,בוזבזת,בוזבזת,בוזבזתם,בוזבזתן,בוזבז,בוזבזה,בוזבזו,אבוזבז,נבוזבז,תבוזבז,תבוזבזי,תבוזבזו,תבוזבזנה,יבוזבז,תבוזבז,יבוזבזו,תבוזבזנה,,,,,,-1-7-,,OK,Duolingo
שנה,pu'al,is changed,,משונה,משונה,משונים,משונות,שוניתי,שונינו,שונית,שונית,שוניתם,שוניתן,שונה,שונתה,שונו,אשונה,נשונה,תשונה,תשוני,תשונו,תשונינה,ישונה,תשונה,ישונו,תשונינה,,,,,,-1-7-100-,"2,3,4,5,6,7,8,9,10,12,13,17,18,19,22,23,25,26,27,28",OK,Duolingo
דבר,pu'al,is spoken,,מדובר,מדוברת,מדוברים,מדוברות,דוברתי,דוברנו,דוברת,דוברת,דוברתם,דוברתן,דובר,דוברה,דוברו,אדובר,נדובר,תדובר,תדוברי,תדוברו,תדוברנה,ידובר,תדובר,ידוברו,תדוברנה,,,,,,-1-7-,,OK,Duolingo
סים,pu'al,is finished,,מסוים,מסוימת,מסוימים,מסוימות,סוימתי,סוימנו,סוימת,סוימת,סוימתם,סוימתן,סוים,סוימה,סוימו,אסוים,נסוים,תסוים,תסוימי,תסוימו,תסוימנה,יסוים,תסוים,יסוימו,תסוימנה,,,,,,-1-7-,,OK,Duolingo
שכנע,pu'al,is convinced,,משוכנע,משוכנעת,משוכנעים,משוכנעות,שוכנעתי,שוכנענו,שוכנעת,שוכנעת,שוכנעתם,שוכנעתן,שוכנע,שוכנעה,שוכנעו,אשוכנע,נשוכנע,תשוכנע,תשוכנעי,תשוכנעו,תשוכנענה,ישוכנע,תשוכנע,ישוכנעו,תשוכנענה,,,,,,-1-7-,,OK,Duolingo
שתף,pu'al,is included,,משותף,משותפת,משותפים,משותפות,שותפתי,שותפנו,שותפת,שותפת,שותפתם,שותפתן,שותף,שותפה,שותפו,אשותף,נשותף,תשותף,תשותפי,תשותפו,תשותפנה,ישותף,תשותף,ישותפו,תשותפנה,,,,,,-1-7-,,OK,Duolingo
קבל,pu'al,is received,,מקובל,מקובלת,מקובלים,מקובלות,קובלתי,קובלנו,קובלת,קובלת,קובלתם,קובלתן,קובל,קובלה,קובלו,אקובל,נקובל,תקובל,תקובלי,תקובלו,תקובלנה,יקובל,תקובל,יקובלו,תקובלנה,,,,,,-1-7-,,OK,Duolingo
סדר,pu'al,is organized,,מסודר,מסודרת,מסודרים,מסודרות,סודרתי,סודרנו,סודרת,סודרת,סודרתם,סודרתן,סודר,סודרה,סודרו,אסודר,נסודר,תסודר,תסודרי,תסודרו,תסודרנה,יסודר,תסודר,יסודרו,תסודרנה,,,,,,-1-7-,,OK,Duolingo
מלא,pu'al,is filled,ב,ממולא,ממולאת,ממולאים,ממולאות,מולאתי,מולאנו,מולאת,מולאת,מולאתם,מולאתן,מולא,מולאה,מולאו,אמולא,נמולא,תמולא,תמולאי,תמולאו,תמולאנה,ימולא,תמולא,ימולאו,תמולאנה,,,,,,-1-7-,,OK,Duolingo
בין,huf'al,is understood,,מובן,מובנת,מובנים,מובנות,הובנתי,הובנו,הובנת,הובנת,הובנתם,הובנתן,הובן,הובנה,הובנו,אובן,נובן,תובן,תובני,תובנו,תובנה,יובן,תובן,יובנו,תובנה,,,,,,-1-6-113-115-,"1,2,3,4,5,6,7,8,9,10,11,12,13,14,15,16,17,18,19,20,21,22,23,24,25,26,27,28",OK,Duolingo
חלף,huf'al,is replaced,,מוחלף,מוחלפת,מוחלפים,מוחלפות,הוחלפתי,הוחלפנו,הוחלפת,הוחלפת,הוחלפתם,הוחלפתן,הוחלף,הוחלפה,הוחלפו,אוחלף,נוחלף,תוחלף,תוחלפי,תוחלפו,תוחלפנה,יוחלף,תוחלף,יוחלפו,תוחלפנה,,,,,,-1-6-,,OK,Duolingo
רכב,huf'al,"complicated, composed",מ (composed),מורכב,מורכבת,מורכבים,מורכבות,הורכבתי,הורכבנו,הורכבת,הורכבת,הורכבתם,הורכבתן,הורכב,הורכבה,הורכבו,אורכב,נורכב,תורכב,תורכבי,תורכבו,תורכבנה,יורכב,תורכב,יורכבו,תורכבנה,,,,,,-1-6-,,OK,Duolingo
זמן,huf'al,is invited,,מוזמן,מוזמנת,מוזמנים,מוזמנות,הוזמנתי,הוזמנו,הוזמנת,הוזמנת,הוזמנתם,הוזמנתן,הוזמן,הוזמנה,הוזמנו,אוזמן,נוזמן,תוזמן,תוזמני,תוזמנו,תוזמנה,יוזמן,תוזמן,יוזמנו,תוזמנה,,,,,,-1-6-115-,"6,19,23,24,25,26,27,28",OK,Duolingo
פרע,hiph'il,disturb,,מפריע,מפריעה,מפריעים,מפריעות,הפרעתי,הפרענו,הפרעת,הפרעת,הפרעתם,הפרעתן,הפריע,הפריעה,הפריעו,אפריע,נפריע,תפריע,תפריעי,תפריעו,תפרענה,יפריע,תפריע,יפריעו,תפרענה,הפרע,הפריעי,הפריעו,הפרענה,להפריע,-1-4-,,OK,Duolingo
פרע,huf'al,is disturbed,,מופרע,מופרעת,מופרעים,מופרעות,הופרעתי,הופרענו,הופרעת,הופרעת,הופרעתם,הופרעתן,הופרע,הופרעה,הופרעו,אופרע,נופרע,תופרע,תופרעי,תופרעו,תופרענה,יופרע,תופרע,יופרעו,תופרענה,,,,,,-1-6-,,OK,Duolingo
צלח,huf'al,,,מוצלח,מוצלחת,מוצלחים,מוצלחות,הוצלחתי,הוצלחנו,הוצלחת,הוצלחת,הוצלחתם,הוצלחתן,הוצלח,הוצלחה,הוצלחו,אוצלח,נוצלח,תוצלח,תוצלחי,תוצלחו,תוצלחנה,יוצלח,תוצלח,יוצלחו,תוצלחנה,,,,,,-1-6-,,OK,Duolingo
גבל,hiph'il,"restrict, limit",,מגביל,מגבילה,מגבילים,מגבילות,הגבלתי,הגבלנו,הגבלת,הגבלת,הגבלתם,הגבלתן,הגביל,הגבילה,הגבילו,אגביל,נגביל,תגביל,תגבילי,תגבילו,תגבלנה,יגביל,תגביל,יגבילו,תגבלנה,הגבל,הגבילי,הגבילו,הגבלנה,להגביל,-1-4-,,OK,Duolingo
גבל,huf'al,"is restricted, is limited",,מוגבל,מוגבלת,מוגבלים,מוגבלות,הוגבלתי,הוגבלנו,הוגבלת,הוגבלת,הוגבלתם,הוגבלתן,הוגבל,הוגבלה,הוגבלו,אוגבל,נוגבל,תוגבל,תוגבלי,תוגבלו,תוגבלנה,יוגבל,תוגבל,יוגבלו,תוגבלנה,,,,,,-1-6-,,OK,Duolingo
חלט,huf'al,is decided,,מוחלט,מוחלטת,מוחלטים,מוחלטות,הוחלטתי,הוחלטנו,הוחלטת,הוחלטת,הוחלטתם,הוחלטתן,הוחלט,הוחלטה,הוחלטו,אוחלט,נוחלט,תוחלט,תוחלטי,תוחלטו,תוחלטנה,יוחלט,תוחלט,יוחלטו,תוחלטנה,,,,,,-1-6-,,OK,Duolingo
שפע,huf'al,is influenced,מ,מושפע,מושפעת,מושפעים,מושפעות,הושפעתי,הושפענו,הושפעת,הושפעת,הושפעתם,הושפעתן,הושפע,הושפעה,הושפעו,אושפע,נושפע,תושפע,תושפעי,תושפעו,תושפענה,יושפע,תושפע,יושפעו,תושפענה,,,,,,-1-6-,,OK,Duolingo
דאג,hiph'il,worry,,מדאיג,מדאיגה,מדאיגים,מדאיגות,הדאגתי,הדאגנו,הדאגת,הדאגת,הדאגתם,הדאגתן,הדאיג,הדאיגה,הדאיגו,אדאיג,נדאיג,תדאיג,תדאיגי,תדאיגו,תדאגנה,ידאיג,תדאיג,ידאיגו,תדאגנה,הדאג,הדאיגי,הדאיגו,הדאגנה,להדאיג,-1-4-,,OK,Duolingo
דאג,huf'al,is worried,,מודאג,מודאגת,מודאגים,מודאגות,הודאגתי,הודאגנו,הודאגת,הודאגת,הודאגתם,הודאגתן,הודאג,הודאגה,הודאגו,אודאג,נודאג,תודאג,תודאגי,תודאגו,תודאגנה,יודאג,תודאג,יודאגו,תודאגנה,,,,,,-1-6-,,OK,Duolingo
תאם,huf'al,is fitted,,מותאם,מותאמת,מותאמים,מותאמות,הותאמתי,הותאמנו,הותאמת,הותאמת,הותאמתם,הותאמתן,הותאם,הותאמה,הותאמו,אותאם,נותאם,תותאם,תותאמי,תותאמו,תותאמנה,יותאם,תותאם,יותאמו,תותאמנה,,,,,,-1-6-,,OK,Duolingo
סבר,huf'al,is explained,,מוסבר,מוסברת,מוסברים,מוסברות,הוסברתי,הוסברנו,הוסברת,הוסברת,הוסברתם,הוסברתן,הוסבר,הוסברה,הוסברו,אוסבר,נוסבר,תוסבר,תוסברי,תוסברו,תוסברנה,יוסבר,תוסבר,יוסברו,תוסברנה,,,,,,-1-6-,,OK,Duolingo
דכא,pi'el,"oppress, cause depression",,מדכא,מדכאת,מדכאים,מדכאות,דיכאתי,דיכאנו,דיכאת,דיכאת,דיכאתם,דיכאתן,דיכא,דיכאה,דיכאו,אדכא,נדכא,תדכא,תדכאי,תדכאו,תדכאנה,ידכא,תדכא,ידכאו,תדכאנה,דכא,דכאי,דכאו,דכאנה,לדכא,-1-3-,,OK,Duolingo
דכא,pu'al,"is oppressed, is depressed",,מדוכא,מדוכאת,מדוכאים,מדוכאות,דוכאתי,דוכאנו,דוכאת,דוכאת,דוכאתם,דוכאתן,דוכא,דוכאה,דוכאו,אדוכא,נדוכא,תדוכא,תדוכאי,תדוכאו,תדוכאנה,ידוכא,תדוכא,ידוכאו,תדוכאנה,,,,,,-1-7-,,OK,Duolingo
אשר,pu'al,is approved,,מאושר,מאושרת,מאושרים,מאושרות,אושרתי,אושרנו,אושרת,אושרת,אושרתם,אושרתן,אושר,אושרה,אושרו,אאושר,נאושר,תאושר,תאושרי,תאושרו,תאושרנה,יאושר,תאושר,יאושרו,תאושרנה,,,,,,-1-7-,,OK,Duolingo
נשק,pu'al,is kissed,,מנושק,מנושקת,מנושקים,מנושקות,נושקתי,נושקנו,נושקת,נושקת,נושקתם,נושקתן,נושק,נושקה,נושקו,אנושק,ננושק,תנושק,תנושקי,תנושקו,תנושקנה,ינושק,תנושק,ינושקו,תנושקנה,,,,,,-1-7-,,OK,Duolingo
נחם,pu'al,is comforted,,מנוחם,מנוחמת,מנוחמים,מנוחמות,נוחמתי,נוחמנו,נוחמת,נוחמת,נוחמתם,נוחמתן,נוחם,נוחמה,נוחמו,אנוחם,ננוחם,תנוחם,תנוחמי,תנוחמו,תנוחמנה,ינוחם,תנוחם,ינוחמו,תנוחמנה,,,,,,-1-7-,,OK,Duolingo
חבק,pu'al,is hugged,,מחובק,מחובקת,מחובקים,מחובקות,חובקתי,חובקנו,חובקת,חובקת,חובקתם,חובקתן,חובק,חובקה,חובקו,אחובק,נחובק,תחובק,תחובקי,תחובקו,תחובקנה,יחובק,תחובק,יחובקו,תחובקנה,,,,,,-1-7-,,OK,Duolingo
שעמם,pi'el,bore,,משעמם,משעממת,משעממים,משעממות,שיעממתי,שיעממנו,שיעממת,שיעממת,שיעממתם,שיעממתן,שיעמם,שיעממה,שיעממו,אשעמם,נשעמם,תשעמם,תשעממי,תשעממו,תשעממנה,ישעמם,תשעמם,ישעממו,תשעממנה,שעמם,שעממי,שעממו,שעממנה,לשעמם,-1-3-,,OK,Duolingo
שעמם,pu'al,is bored,,משועמם,משועממת,משועממים,משועממות,שועממתי,שועממנו,שועממת,שועממת,שועממתם,שועממתן,שועמם,שועממה,שועממו,אשועמם,נשועמם,תשועמם,תשועממי,תשועממו,תשועממנה,ישועמם,תשועמם,ישועממו,תשועממנה,,,,,,-1-7-,,OK,Duolingo
דחה,pa'al,reject,,דוחה,דוחה,דוחים,דוחות,דחיתי,דחינו,דחית,דחית,דחיתם,דחיתן,דחה,דחתה,דחו,אדחה,נדחה,תדחה,תדחי,תדחו,תדחינה,ידחה,תדחה,ידחו,תדחינה,דחה,דחי,דחו,דחינה,לדחות,-1-2-100-,"2,3,4,5,6,7,8,9,10,12,13,17,18,19,22,23,25,26,27,28",OK,Duolingo
נשק,hitpa'el,kiss with,עם,מתנשק,מתנשקת,מתנשקים,מתנשקות,התנשקתי,התנשקנו,התנשקת,התנשקת,התנשקתם,התנשקתן,התנשק,התנשקה,התנשקו,אתנשק,נתנשק,תתנשק,תתנשקי,תתנשקו,תתנשקנה,יתנשק,תתנשק,יתנשקו,תתנשקנה,התנשק,התנשקי,התנשקו,התנשקנה,להתנשק,-1-5-,,OK,Duolingo
חבק,hitpa'el,hug with,עם,מתחבק,מתחבקת,מתחבקים,מתחבקות,התחבקתי,התחבקנו,התחבקת,התחבקת,התחבקתם,התחבקתן,התחבק,התחבקה,התחבקו,אתחבק,נתחבק,תתחבק,תתחבקי,תתחבקו,תתחבקנה,יתחבק,תתחבק,יתחבקו,תתחבקנה,התחבק,התחבקי,התחבקו,התחבקנה,להתחבק,-1-5-,,OK,Duolingo
פתע,hiph'il,surprise,,מפתיע,מפתיעה,מפתיעים,מפתיעות,הפתעתי,הפתענו,הפתעת,הפתעת,הפתעתם,הפתעתן,הפתיע,הפתיעה,הפתיעו,אפתיע,נפתיע,תפתיע,תפתיעי,תפתיעו,תפתענה,יפתיע,תפתיע,יפתיעו,תפתענה,הפתע,הפתיעי,הפתיעו,הפתענה,להפתיע,-1-4-,,OK,Duolingo
פתע,huf'al,is surprised,,מופתע,מופתעת,מופתעים,מופתעות,הופתעתי,הופתענו,הופתעת,הופתעת,הופתעתם,הופתעתן,הופתע,הופתעה,הופתעו,אופתע,נופתע,תופתע,תופתעי,תופתעו,תופתענה,יופתע,תופתע,יופתעו,תופתענה,,,,,,-1-6-,,OK,Duolingo
צפה,pi'el,expect,ל,מצפה,מצפה,מצפים,מצפות,ציפיתי,ציפינו,ציפית,ציפית,ציפיתם,ציפיתן,ציפה,ציפתה,ציפו,אצפה,נצפה,תצפה,תצפי,תצפו,תצפינה,יצפה,תצפה,יצפו,תצפינה,צפה,צפי,צפו,צפינה,לצפות,-1-3-100-108-,"2,3,4,5,6,7,8,9,10,12,13,17,18,19,22,23,25,26,27,28",OK,Duolingo
צפה,pu'al,is expected,,מצופה,מצופה,מצופים,מצופות,צופיתי,צופינו,צופית,צופית,צופיתם,צופיתן,צופה,צופתה,צופו,אצופה,נצופה,תצופה,תצופי,תצופו,תצופינה,יצופה,תצופה,יצופו,תצופינה,,,,,,-1-7-100-,"2,3,4,5,6,7,8,9,10,12,13,17,18,19,22,23,25,26,27,28",OK,Duolingo
בוך,hiph'il,embarass,,מביך,מביכה,מביכים,מביכות,הבכתי,הבכנו,הבכת,הבכת,הבכתם,הבכתן,הביך,הביכה,הביכו,אביך,נביך,תביך,תביכי,תביכו,תבכנה,יביך,תביך,יביכו,תבכנה,הבך,הביכי,הביכו,הבכנה,להביך,-1-4-111-,"1,2,3,4,5,6,7,8,9,10,11,12,13,14,15,16,17,18,19,20,21,22,23,24,25,26,27,28",OK,Duolingo
זכר,nif'al,is remembered,ב,נזכר,נזכרת,נזכרים,נזכרות,נזכרתי,נזכרנו,נזכרת,נזכרת,נזכרתם,נזכרתן,נזכר,נזכרה,נזכרו,אזכר,ניזכר,תיזכר,תיזכרי,תיזכרו,תיזכרנה,ייזכר,תיזכר,ייזכרו,תיזכרנה,היזכר,היזכרי,היזכרו,היזכרנה,להיזכר,-1-8-,,OK,Duolingo
גמר,pa'al,finish,,גומר,גומרת,גומרים,גומרות,גמרתי,גמרנו,גמרת,גמרת,גמרתם,גמרתן,גמר,גמרה,גמרו,אגמור,נגמור,תגמור,תגמרי,תגמרו,תגמורנה,יגמור,תגמור,יגמרו,תגמורנה,גמור,גמרי,גמרו,גמורנה,לגמור,-1-2-1008-,"14,15,16,19,20,21,23,24,27",OK,Duolingo
כשל,pa'al,fail,,כושל,כושלת,כושלים,כושלות,כשלתי,כשלנו,כשלת,כשלת,כשלתם,כשלתן,כשל,כשלה,כשלו,אכשול,נכשול,תכשול,תכשלי,תכשלו,תכשולנה,יכשול,תכשול,יכשלו,תכשולנה,כשול,כשלי,כשלו,כשולנה,לכשול,-1-2-1008-,"14,15,16,19,20,21,23,24,27",OK,Duolingo
יכל,pa'al,can,,יכול,יכולה,יכולים,יכולות,יכולתי,יכולנו,יכולת,יכולת,יכולתם,יכולתן,יכול,יכלה,יכלו,אוכל,נוכל,תוכל,תוכלי,תוכלו,תוכלנה,יוכל,תוכל,יוכלו,תוכלנה,,,,,להיות יכול,-1-2-1010-,"1,2,3,4,5,6,7,8,9,10,11,14,15,16,17,18,19,20,21,22,23,24,25,26,27,28",OK,Duolingo
תהה,pa'al,wonder,,תוהה,תוהה,תוהים,תוהות,תהיתי,תהינו,תהית,תהית,תהיתם,תהיתן,תהה,תהתה,תהו,אתהה,נתהה,תתהה,תתהי,תתהו,תתהינה,יתהה,תתהה,יתהו,תתהינה,תהה,תהי,תהו,תהינה,לתהות,-1-2-100-,"2,3,4,5,6,7,8,9,10,12,13,17,18,19,22,23,25,26,27,28",OK,Duolingo
נבע,hiph'il,express,,מביע,מביעה,מביעים,מביעות,הבעתי,הבענו,הבעת,הבעת,הבעתם,הבעתן,הביע,הביעה,הביעו,אביע,נביע,תביע,תביעי,תביעו,תבענה,יביע,תביע,יביעו,תבענה,הבע,הביעי,הביעו,הבענה,להביע,-1-4-1011-,"1,2,3,4,5,6,7,8,9,10,11,12,13,14,15,16,17,18,19,20,21,22,23,24,25,26,27,28",OK,Duolingo
טעה,pa'al,mistake,,טועה,טועה,טועים,טועות,טעיתי,טעינו,טעית,טעית,טעיתם,טעיתן,טעה,טעתה,טעו,אטעה,נטעה,תטעה,תטעי,תטעו,תטעינה,יטעה,תטעה,יטעו,תטעינה,טעה,טעי,טעו,טעינה,לטעות,-1-2-100-,"2,3,4,5,6,7,8,9,10,12,13,17,18,19,22,23,25,26,27,28",OK,Duolingo
חיה,pa'al,live,,חי,חיה,חיים,חיות,חייתי,חיינו,חיית,חיית,חייתם,חייתן,חי,חייתה,חיו,אחיה,נחיה,תחיה,תחיי,תחיו,תחיינה,יחיה,תחיה,יחיו,תחיינה,חיה,חיי,חיו,חיינה,לחיות,-1-2-100-1005-,"1,2,3,4,5,6,7,8,9,10,11,12,13,17,18,19,22,23,25,26,27,28",OK,Duolingo
חלץ,pi'el,rescue,את,מחלץ,מחלצת,מחלצים,מחלצות,חילצתי,חילצנו,חילצת,חילצת,חילצתם,חילצתן,חילץ,חילצה,חילצו,אחלץ,נחלץ,תחלץ,תחלצי,תחלצו,תחלצנה,יחלץ,תחלץ,יחלצו,תחלצנה,חלץ,חלצי,חלצו,חלצנה,לחלץ,-1-3-,,OK,Duolingo
לכד,pa'al,trap,,לוכד,לוכדת,לוכדים,לוכדות,לכדתי,לכדנו,לכדת,לכדת,לכדתם,לכדתן,לכד,לכדה,לכדו,אלכוד,נלכוד,תלכוד,תלכדי,תלכדו,תלכודנה,ילכוד,תלכוד,ילכדו,תלכודנה,לכוד,לכדי,לכדו,לכודנה,ללכוד,-1-2-1008-,"14,15,16,19,20,21,23,24,27",OK,Duolingo
בצע,pi'el,perform,,מבצע,מבצעת,מבצעים,מבצעות,ביצעתי,ביצענו,ביצעת,ביצעת,ביצעתם,ביצעתן,ביצע,ביצעה,ביצעו,אבצע,נבצע,תבצע,תבצעי,תבצעו,תבצענה,יבצע,תבצע,יבצעו,תבצענה,בצע,בצעי,בצעו,בצענה,לבצע,-1-3-,,OK,Duolingo
עלף,hitpa'el,faint,,מתעלף,מתעלפת,מתעלפים,מתעלפות,התעלפתי,התעלפנו,התעלפת,התעלפת,התעלפתם,התעלפתן,התעלף,התעלפה,התעלפו,אתעלף,נתעלף,תתעלף,תתעלפי,תתעלפו,תתעלפנה,יתעלף,תתעלף,יתעלפו,תתעלפנה,התעלף,התעלפי,התעלפו,התעלפנה,להתעלף,-1-5-,,OK,Duolingo
חשמל,hitpa'el,get electrocuted,,מתחשמל,מתחשמלת,מתחשמלים,מתחשמלות,התחשמלתי,התחשמלנו,התחשמלת,התחשמלת,התחשמלתם,התחשמלתן,התחשמל,התחשמלה,התחשמלו,אתחשמל,נתחשמל,תתחשמל,תתחשמלי,תתחשמלו,תתחשמלנה,יתחשמל,תתחשמל,יתחשמלו,תתחשמלנה,התחשמל,התחשמלי,התחשמלו,התחשמלנה,להתחשמל,-1-5-,,OK,Duolingo
טבע,pa'al,drown,,טובע,טובעת,טובעים,טובעות,טבעתי,טבענו,טבעת,טבעת,טבעתם,טבעתן,טבע,טבעה,טבעו,אטבע,נטבע,תטבע,תטבעי,תטבעו,תטבענה,יטבע,תטבע,יטבעו,תטבענה,טבע,טבעי,טבעו,טבענה,לטבוע,-1-2-,,OK,Duolingo
אבד,nif'al,is lost,,נאבד,נאבדת,נאבדים,נאבדות,נאבדתי,נאבדנו,נאבדת,נאבדת,נאבדתם,נאבדתן,נאבד,נאבדה,נאבדו,איאבד,ניאבד,תיאבד,תיאבדי,תיאבדו,תיאבדנה,ייאבד,תיאבד,ייאבדו,תיאבדנה,היאבד,היאבדי,היאבדו,היאבדנה,להיאבד,-1-8-117-,14,OK,Duolingo
אבד,pa'al,lost,,אובד,אובדת,אובדים,אובדות,אבדתי,אבדנו,אבדת,אבדת,אבדתם,אבדתן,אבד,אבדה,אבדו,אובד,נאבד,תאבד,תאבדי,תאבדו,תאבדנה,יאבד,תאבד,יאבדו,תאבדנה,אבוד,אבדי,אבדו,אבודנה,לאבוד,-1-2-133-1006-,"14,24,27",OK,Duolingo
יצב,hiph'il,"set up, position",,מציב,מציבה,מציבים,מציבות,הצבתי,הצבנו,הצבת,הצבת,הצבתם,הצבתן,הציב,הציבה,הציבו,אציב,נציב,תציב,תציבי,תציבו,תצבנה,יציב,תציב,יציבו,תצבנה,הצב,הציבי,הציבו,הצבנה,להציב,-1-4-1011-,"1,2,3,4,5,6,7,8,9,10,11,12,13,14,15,16,17,18,19,20,21,22,23,24,25,26,27,28",OK,haaretz
תקף,pa'al,attack,את,תוקף,תוקפת,תוקפים,תוקפות,תקפתי,תקפנו,תקפת,תקפת,תקפתם,תקפתן,תקף,תקפה,תקפו,אתקוף,נתקוף,תתקוף,תתקפי,תתקפו,תתקופנה,יתקוף,תתקוף,יתקפו,תתקופנה,תקוף,תקפי,תקפו,תקופנה,לתקוף,-1-2-1008-,"14,15,16,19,20,21,23,24,27",OK,haaretz
רשם,nif'al,is recorded,,נרשם,נרשמת,נרשמים,נרשמות,נרשמתי,נרשמנו,נרשמת,נרשמת,נרשמתם,נרשמתן,נרשם,נרשמה,נרשמו,אירשם,נירשם,תירשם,תירשמי,תירשמו,תירשמנה,יירשם,תירשם,יירשמו,תירשמנה,הירשם,הירשמי,הירשמו,הירשמנה,להירשם,-1-8-119-,14,OK,haaretz
נגש,huf'al,is filed,,מוגש,מוגשת,מוגשים,מוגשות,הוגשתי,הוגשנו,הוגשת,הוגשת,הוגשתם,הוגשתן,הוגש,הוגשה,הוגשו,אוגש,נוגש,תוגש,תוגשי,תוגשו,תוגשנה,יוגש,תוגש,יוגשו,תוגשנה,,,,,,-1-6-1011-,"1,2,3,4,5,6,7,8,9,10,11,12,13,14,15,16,17,18,19,20,21,22,23,24,25,26,27,28",OK,haaretz
נוף,hiph'il,raise a flag,,מניף,מניפה,מניפים,מניפות,הנפתי,הנפנו,הנפת,הנפת,הנפתם,הנפתן,הניף,הניפה,הניפו,אניף,נניף,תניף,תניפי,תניפו,תנפנה,יניף,תניף,יניפו,תנפנה,הנף,הניפי,הניפו,הנפנה,להניף,-1-4-111-,"1,2,3,4,5,6,7,8,9,10,11,12,13,14,15,16,17,18,19,20,21,22,23,24,25,26,27,28",OK,haaretz
חתם,nif'al,is signed,,נחתם,נחתמת,נחתמים,נחתמות,נחתמתי,נחתמנו,נחתמת,נחתמת,נחתמתם,נחתמתן,נחתם,נחתמה,נחתמו,איחתם,ניחתם,תיחתם,תיחתמי,תיחתמו,תיחתמנה,ייחתם,תיחתם,ייחתמו,תיחתמנה,היחתם,היחתמי,היחתמו,היחתמנה,להיחתם,-1-8-121-,14,OK,haaretz
מחק,nif'al,is erased,,נמחק,נמחקת,נמחקים,נמחקות,נמחקתי,נמחקנו,נמחקת,נמחקת,נמחקתם,נמחקתן,נמחק,נמחקה,נמחקו,אמחק,נימחק,תימחק,תימחקי,תימחקו,תימחקנה,יימחק,תימחק,יימחקו,תימחקנה,הימחק,הימחקי,הימחקו,הימחקנה,להימחק,-1-8-,,OK,israelhayom
זהה,pi'el,recognize,את,מזהה,מזהה,מזהים,מזהות,זיהיתי,זיהינו,זיהית,זיהית,זיהיתם,זיהיתן,זיהה,זיהתה,זיהו,אזהה,נזהה,תזהה,תזהי,תזהו,תזהינה,יזהה,תזהה,יזהו,תזהינה,זהה,זהי,זהו,זהינה,לזהות,-1-3-100-108-,"2,3,4,5,6,7,8,9,10,12,13,17,18,19,22,23,25,26,27,28",OK,haaretz
עלה,pa'al,rise,,עולה,עולה,עולים,עולות,עליתי,עלינו,עלית,עלית,עליתם,עליתן,עלה,עלתה,עלו,אעלה,נעלה,תעלה,תעלי,תעלו,תעלינה,יעלה,תעלה,יעלו,תעלינה,עלה,עלי,עלו,עלינה,לעלות,-1-2-100-,"2,3,4,5,6,7,8,9,10,12,13,17,18,19,22,23,25,26,27,28",OK,haaretz
פקר,huf'al,is abandoned,,מופקר,מופקרת,מופקרים,מופקרות,הופקרתי,הופקרנו,הופקרת,הופקרת,הופקרתם,הופקרתן,הופקר,הופקרה,הופקרו,אופקר,נופקר,תופקר,תופקרי,תופקרו,תופקרנה,יופקר,תופקר,יופקרו,תופקרנה,,,,,,-1-6-,,OK,haaretz
חסן,hitpa'el,get vaccinated,,מתחסן,מתחסנת,מתחסנים,מתחסנות,התחסנתי,התחסנו,התחסנת,התחסנת,התחסנתם,התחסנתן,התחסן,התחסנה,התחסנו,אתחסן,נתחסן,תתחסן,תתחסני,תתחסנו,תתחסנה,יתחסן,תתחסן,יתחסנו,תתחסנה,התחסן,התחסני,התחסנו,התחסנה,להתחסן,-1-5-129-,"6,19,23,27",OK,haaretz